canonical_slug,pokemon_id,species_slug,display_name,form_display_name,is_default,is_mega,is_battle_only,form_order,region_tag,form_group
bulbasaur,1,bulbasaur,Bulbasaur,Default Form,1,0,0,1,None,Standard
ivysaur,2,ivysaur,Ivysaur,Default Form,1,0,0,2,None,Standard
venusaur,3,venusaur,Venusaur,Default Form,1,0,0,3,None,Standard
charmander,4,charmander,Charmander,Default Form,1,0,0,5,None,Standard
charmeleon,5,charmeleon,Charmeleon,Default Form,1,0,0,6,None,Standard
charizard,6,charizard,Charizard,Default Form,1,0,0,7,None,Standard
squirtle,7,squirtle,Squirtle,Default Form,1,0,0,10,None,Standard
wartortle,8,wartortle,Wartortle,Default Form,1,0,0,11,None,Standard
blastoise,9,blastoise,Blastoise,Default Form,1,0,0,12,None,Standard
caterpie,10,caterpie,Caterpie,Default Form,1,0,0,14,None,Standard
metapod,11,metapod,Metapod,Default Form,1,0,0,15,None,Standard
butterfree,12,butterfree,Butterfree,Default Form,1,0,0,16,None,Standard
weedle,13,weedle,Weedle,Default Form,1,0,0,17,None,Standard
kakuna,14,kakuna,Kakuna,Default Form,1,0,0,18,None,Standard
beedrill,15,beedrill,Beedrill,Default Form,1,0,0,19,None,Standard
pidgey,16,pidgey,Pidgey,Default Form,1,0,0,21,None,Standard
pidgeotto,17,pidgeotto,Pidgeotto,Default Form,1,0,0,22,None,Standard
pidgeot,18,pidgeot,Pidgeot,Default Form,1,0,0,23,None,Standard
rattata,19,rattata,Rattata,Default Form,1,0,0,25,None,Standard
raticate,20,raticate,Raticate,Default Form,1,0,0,27,None,Standard
spearow,21,spearow,Spearow,Default Form,1,0,0,30,None,Standard
fearow,22,fearow,Fearow,Default Form,1,0,0,31,None,Standard
ekans,23,ekans,Ekans,Default Form,1,0,0,32,None,Standard
arbok,24,arbok,Arbok,Default Form,1,0,0,33,None,Standard
pikachu,25,pikachu,Pikachu,Default Form,1,0,0,35,None,Standard
raichu,26,raichu,Raichu,Default Form,1,0,0,51,None,Standard
sandshrew,27,sandshrew,Sandshrew,Default Form,1,0,0,53,None,Standard
sandslash,28,sandslash,Sandslash,Default Form,1,0,0,55,None,Standard
nidoran-f,29,nidoran-f,Nidoran female,Default Form,1,0,0,57,None,Standard
nidorina,30,nidorina,Nidorina,Default Form,1,0,0,58,None,Standard
nidoqueen,31,nidoqueen,Nidoqueen,Default Form,1,0,0,59,None,Standard
nidoran-m,32,nidoran-m,Nidoran male,Default Form,1,0,0,60,None,Standard
nidorino,33,nidorino,Nidorino,Default Form,1,0,0,61,None,Standard
nidoking,34,nidoking,Nidoking,Default Form,1,0,0,62,None,Standard
clefairy,35,clefairy,Clefairy,Default Form,1,0,0,64,None,Standard
clefable,36,clefable,Clefable,Default Form,1,0,0,65,None,Standard
vulpix,37,vulpix,Vulpix,Default Form,1,0,0,66,None,Standard
ninetales,38,ninetales,Ninetales,Default Form,1,0,0,68,None,Standard
jigglypuff,39,jigglypuff,Jigglypuff,Default Form,1,0,0,71,None,Standard
wigglytuff,40,wigglytuff,Wigglytuff,Default Form,1,0,0,72,None,Standard
zubat,41,zubat,Zubat,Default Form,1,0,0,73,None,Standard
golbat,42,golbat,Golbat,Default Form,1,0,0,74,None,Standard
oddish,43,oddish,Oddish,Default Form,1,0,0,76,None,Standard
gloom,44,gloom,Gloom,Default Form,1,0,0,77,None,Standard
vileplume,45,vileplume,Vileplume,Default Form,1,0,0,78,None,Standard
paras,46,paras,Paras,Default Form,1,0,0,80,None,Standard
parasect,47,parasect,Parasect,Default Form,1,0,0,81,None,Standard
venonat,48,venonat,Venonat,Default Form,1,0,0,82,None,Standard
venomoth,49,venomoth,Venomoth,Default Form,1,0,0,83,None,Standard
diglett,50,diglett,Diglett,Default Form,1,0,0,84,None,Standard
dugtrio,51,dugtrio,Dugtrio,Default Form,1,0,0,86,None,Standard
meowth,52,meowth,Meowth,Default Form,1,0,0,88,None,Standard
persian,53,persian,Persian,Default Form,1,0,0,91,None,Standard
psyduck,54,psyduck,Psyduck,Default Form,1,0,0,93,None,Standard
golduck,55,golduck,Golduck,Default Form,1,0,0,94,None,Standard
mankey,56,mankey,Mankey,Default Form,1,0,0,95,None,Standard
primeape,57,primeape,Primeape,Default Form,1,0,0,96,None,Standard
growlithe,58,growlithe,Growlithe,Default Form,1,0,0,97,None,Standard
arcanine,59,arcanine,Arcanine,Default Form,1,0,0,98,None,Standard
poliwag,60,poliwag,Poliwag,Default Form,1,0,0,99,None,Standard
poliwhirl,61,poliwhirl,Poliwhirl,Default Form,1,0,0,100,None,Standard
poliwrath,62,poliwrath,Poliwrath,Default Form,1,0,0,101,None,Standard
abra,63,abra,Abra,Default Form,1,0,0,103,None,Standard
kadabra,64,kadabra,Kadabra,Default Form,1,0,0,104,None,Standard
alakazam,65,alakazam,Alakazam,Default Form,1,0,0,105,None,Standard
machop,66,machop,Machop,Default Form,1,0,0,107,None,Standard
machoke,67,machoke,Machoke,Default Form,1,0,0,108,None,Standard
machamp,68,machamp,Machamp,Default Form,1,0,0,109,None,Standard
bellsprout,69,bellsprout,Bellsprout,Default Form,1,0,0,110,None,Standard
weepinbell,70,weepinbell,Weepinbell,Default Form,1,0,0,111,None,Standard
victreebel,71,victreebel,Victreebel,Default Form,1,0,0,112,None,Standard
tentacool,72,tentacool,Tentacool,Default Form,1,0,0,113,None,Standard
tentacruel,73,tentacruel,Tentacruel,Default Form,1,0,0,114,None,Standard
geodude,74,geodude,Geodude,Default Form,1,0,0,115,None,Standard
graveler,75,graveler,Graveler,Default Form,1,0,0,117,None,Standard
golem,76,golem,Golem,Default Form,1,0,0,119,None,Standard
ponyta,77,ponyta,Ponyta,Default Form,1,0,0,121,None,Standard
rapidash,78,rapidash,Rapidash,Default Form,1,0,0,123,None,Standard
slowpoke,79,slowpoke,Slowpoke,Default Form,1,0,0,125,None,Standard
slowbro,80,slowbro,Slowbro,Default Form,1,0,0,127,None,Standard
magnemite,81,magnemite,Magnemite,Default Form,1,0,0,132,None,Standard
magneton,82,magneton,Magneton,Default Form,1,0,0,133,None,Standard
farfetchd,83,farfetchd,Farfetchd,Default Form,1,0,0,135,None,Standard
doduo,84,doduo,Doduo,Default Form,1,0,0,137,None,Standard
dodrio,85,dodrio,Dodrio,Default Form,1,0,0,138,None,Standard
seel,86,seel,Seel,Default Form,1,0,0,139,None,Standard
dewgong,87,dewgong,Dewgong,Default Form,1,0,0,140,None,Standard
grimer,88,grimer,Grimer,Default Form,1,0,0,141,None,Standard
muk,89,muk,Muk,Default Form,1,0,0,143,None,Standard
shellder,90,shellder,Shellder,Default Form,1,0,0,145,None,Standard
cloyster,91,cloyster,Cloyster,Default Form,1,0,0,146,None,Standard
gastly,92,gastly,Gastly,Default Form,1,0,0,147,None,Standard
haunter,93,haunter,Haunter,Default Form,1,0,0,148,None,Standard
gengar,94,gengar,Gengar,Default Form,1,0,0,149,None,Standard
onix,95,onix,Onix,Default Form,1,0,0,151,None,Standard
drowzee,96,drowzee,Drowzee,Default Form,1,0,0,154,None,Standard
hypno,97,hypno,Hypno,Default Form,1,0,0,155,None,Standard
krabby,98,krabby,Krabby,Default Form,1,0,0,156,None,Standard
kingler,99,kingler,Kingler,Default Form,1,0,0,157,None,Standard
voltorb,100,voltorb,Voltorb,Default Form,1,0,0,158,None,Standard
electrode,101,electrode,Electrode,Default Form,1,0,0,159,None,Standard
exeggcute,102,exeggcute,Exeggcute,Default Form,1,0,0,160,None,Standard
exeggutor,103,exeggutor,Exeggutor,Default Form,1,0,0,161,None,Standard
cubone,104,cubone,Cubone,Default Form,1,0,0,163,None,Standard
marowak,105,marowak,Marowak,Default Form,1,0,0,164,None,Standard
hitmonlee,106,hitmonlee,Hitmonlee,Default Form,1,0,0,168,None,Standard
hitmonchan,107,hitmonchan,Hitmonchan,Default Form,1,0,0,169,None,Standard
lickitung,108,lickitung,Lickitung,Default Form,1,0,0,171,None,Standard
koffing,109,koffing,Koffing,Default Form,1,0,0,173,None,Standard
weezing,110,weezing,Weezing,Default Form,1,0,0,174,None,Standard
rhyhorn,111,rhyhorn,Rhyhorn,Default Form,1,0,0,176,None,Standard
rhydon,112,rhydon,Rhydon,Default Form,1,0,0,177,None,Standard
chansey,113,chansey,Chansey,Default Form,1,0,0,180,None,Standard
tangela,114,tangela,Tangela,Default Form,1,0,0,182,None,Standard
kangaskhan,115,kangaskhan,Kangaskhan,Default Form,1,0,0,184,None,Standard
horsea,116,horsea,Horsea,Default Form,1,0,0,186,None,Standard
seadra,117,seadra,Seadra,Default Form,1,0,0,187,None,Standard
goldeen,118,goldeen,Goldeen,Default Form,1,0,0,189,None,Standard
seaking,119,seaking,Seaking,Default Form,1,0,0,190,None,Standard
staryu,120,staryu,Staryu,Default Form,1,0,0,191,None,Standard
starmie,121,starmie,Starmie,Default Form,1,0,0,192,None,Standard
mr-mime,122,mr-mime,Mr maleime,Default Form,1,0,0,194,None,Standard
scyther,123,scyther,Scyther,Default Form,1,0,0,196,None,Standard
jynx,124,jynx,Jynx,Default Form,1,0,0,200,None,Standard
electabuzz,125,electabuzz,Electabuzz,Default Form,1,0,0,202,None,Standard
magmar,126,magmar,Magmar,Default Form,1,0,0,205,None,Standard
pinsir,127,pinsir,Pinsir,Default Form,1,0,0,207,None,Standard
tauros,128,tauros,Tauros,Default Form,1,0,0,209,None,Standard
magikarp,129,magikarp,Magikarp,Default Form,1,0,0,210,None,Standard
gyarados,130,gyarados,Gyarados,Default Form,1,0,0,211,None,Standard
lapras,131,lapras,Lapras,Default Form,1,0,0,213,None,Standard
ditto,132,ditto,Ditto,Default Form,1,0,0,214,None,Standard
eevee,133,eevee,Eevee,Default Form,1,0,0,215,None,Standard
vaporeon,134,vaporeon,Vaporeon,Default Form,1,0,0,217,None,Standard
jolteon,135,jolteon,Jolteon,Default Form,1,0,0,218,None,Standard
flareon,136,flareon,Flareon,Default Form,1,0,0,219,None,Standard
porygon,137,porygon,Porygon,Default Form,1,0,0,225,None,Standard
omanyte,138,omanyte,Omanyte,Default Form,1,0,0,228,None,Standard
omastar,139,omastar,Omastar,Default Form,1,0,0,229,None,Standard
kabuto,140,kabuto,Kabuto,Default Form,1,0,0,230,None,Standard
kabutops,141,kabutops,Kabutops,Default Form,1,0,0,231,None,Standard
aerodactyl,142,aerodactyl,Aerodactyl,Default Form,1,0,0,232,None,Standard
snorlax,143,snorlax,Snorlax,Default Form,1,0,0,235,None,Standard
articuno,144,articuno,Articuno,Default Form,1,0,0,236,None,Standard
zapdos,145,zapdos,Zapdos,Default Form,1,0,0,238,None,Standard
moltres,146,moltres,Moltres,Default Form,1,0,0,240,None,Standard
dratini,147,dratini,Dratini,Default Form,1,0,0,242,None,Standard
dragonair,148,dragonair,Dragonair,Default Form,1,0,0,243,None,Standard
dragonite,149,dragonite,Dragonite,Default Form,1,0,0,244,None,Standard
mewtwo,150,mewtwo,Mewtwo,Default Form,1,0,0,245,None,Standard
mew,151,mew,Mew,Default Form,1,0,0,248,None,Standard
chikorita,152,chikorita,Chikorita,Default Form,1,0,0,249,None,Standard
bayleef,153,bayleef,Bayleef,Default Form,1,0,0,250,None,Standard
meganium,154,meganium,Meganium,Default Form,1,0,0,251,None,Standard
cyndaquil,155,cyndaquil,Cyndaquil,Default Form,1,0,0,252,None,Standard
quilava,156,quilava,Quilava,Default Form,1,0,0,253,None,Standard
typhlosion,157,typhlosion,Typhlosion,Default Form,1,0,0,254,None,Standard
totodile,158,totodile,Totodile,Default Form,1,0,0,255,None,Standard
croconaw,159,croconaw,Croconaw,Default Form,1,0,0,256,None,Standard
feraligatr,160,feraligatr,Feraligatr,Default Form,1,0,0,257,None,Standard
sentret,161,sentret,Sentret,Default Form,1,0,0,258,None,Standard
furret,162,furret,Furret,Default Form,1,0,0,259,None,Standard
hoothoot,163,hoothoot,Hoothoot,Default Form,1,0,0,260,None,Standard
noctowl,164,noctowl,Noctowl,Default Form,1,0,0,261,None,Standard
ledyba,165,ledyba,Ledyba,Default Form,1,0,0,262,None,Standard
ledian,166,ledian,Ledian,Default Form,1,0,0,263,None,Standard
spinarak,167,spinarak,Spinarak,Default Form,1,0,0,264,None,Standard
ariados,168,ariados,Ariados,Default Form,1,0,0,265,None,Standard
crobat,169,crobat,Crobat,Default Form,1,0,0,75,None,Standard
chinchou,170,chinchou,Chinchou,Default Form,1,0,0,266,None,Standard
lanturn,171,lanturn,Lanturn,Default Form,1,0,0,267,None,Standard
pichu,172,pichu,Pichu,Default Form,1,0,0,34,None,Standard
cleffa,173,cleffa,Cleffa,Default Form,1,0,0,63,None,Standard
igglybuff,174,igglybuff,Igglybuff,Default Form,1,0,0,70,None,Standard
togepi,175,togepi,Togepi,Default Form,1,0,0,268,None,Standard
togetic,176,togetic,Togetic,Default Form,1,0,0,269,None,Standard
natu,177,natu,Natu,Default Form,1,0,0,271,None,Standard
xatu,178,xatu,Xatu,Default Form,1,0,0,272,None,Standard
mareep,179,mareep,Mareep,Default Form,1,0,0,273,None,Standard
flaaffy,180,flaaffy,Flaaffy,Default Form,1,0,0,274,None,Standard
ampharos,181,ampharos,Ampharos,Default Form,1,0,0,275,None,Standard
bellossom,182,bellossom,Bellossom,Default Form,1,0,0,79,None,Standard
marill,183,marill,Marill,Default Form,1,0,0,278,None,Standard
azumarill,184,azumarill,Azumarill,Default Form,1,0,0,279,None,Standard
sudowoodo,185,sudowoodo,Sudowoodo,Default Form,1,0,0,281,None,Standard
politoed,186,politoed,Politoed,Default Form,1,0,0,102,None,Standard
hoppip,187,hoppip,Hoppip,Default Form,1,0,0,282,None,Standard
skiploom,188,skiploom,Skiploom,Default Form,1,0,0,283,None,Standard
jumpluff,189,jumpluff,Jumpluff,Default Form,1,0,0,284,None,Standard
aipom,190,aipom,Aipom,Default Form,1,0,0,285,None,Standard
sunkern,191,sunkern,Sunkern,Default Form,1,0,0,287,None,Standard
sunflora,192,sunflora,Sunflora,Default Form,1,0,0,288,None,Standard
yanma,193,yanma,Yanma,Default Form,1,0,0,289,None,Standard
wooper,194,wooper,Wooper,Default Form,1,0,0,291,None,Standard
quagsire,195,quagsire,Quagsire,Default Form,1,0,0,292,None,Standard
espeon,196,espeon,Espeon,Default Form,1,0,0,220,None,Standard
umbreon,197,umbreon,Umbreon,Default Form,1,0,0,221,None,Standard
murkrow,198,murkrow,Murkrow,Default Form,1,0,0,293,None,Standard
slowking,199,slowking,Slowking,Default Form,1,0,0,130,None,Standard
misdreavus,200,misdreavus,Misdreavus,Default Form,1,0,0,295,None,Standard
unown,201,unown,Unown,Default Form,1,0,0,297,None,Standard
wobbuffet,202,wobbuffet,Wobbuffet,Default Form,1,0,0,299,None,Standard
girafarig,203,girafarig,Girafarig,Default Form,1,0,0,300,None,Standard
pineco,204,pineco,Pineco,Default Form,1,0,0,301,None,Standard
forretress,205,forretress,Forretress,Default Form,1,0,0,302,None,Standard
dunsparce,206,dunsparce,Dunsparce,Default Form,1,0,0,303,None,Standard
gligar,207,gligar,Gligar,Default Form,1,0,0,304,None,Standard
steelix,208,steelix,Steelix,Default Form,1,0,0,152,None,Standard
snubbull,209,snubbull,Snubbull,Default Form,1,0,0,306,None,Standard
granbull,210,granbull,Granbull,Default Form,1,0,0,307,None,Standard
qwilfish,211,qwilfish,Qwilfish,Default Form,1,0,0,308,None,Standard
scizor,212,scizor,Scizor,Default Form,1,0,0,197,None,Standard
shuckle,213,shuckle,Shuckle,Default Form,1,0,0,309,None,Standard
heracross,214,heracross,Heracross,Default Form,1,0,0,310,None,Standard
sneasel,215,sneasel,Sneasel,Default Form,1,0,0,312,None,Standard
teddiursa,216,teddiursa,Teddiursa,Default Form,1,0,0,314,None,Standard
ursaring,217,ursaring,Ursaring,Default Form,1,0,0,315,None,Standard
slugma,218,slugma,Slugma,Default Form,1,0,0,316,None,Standard
magcargo,219,magcargo,Magcargo,Default Form,1,0,0,317,None,Standard
swinub,220,swinub,Swinub,Default Form,1,0,0,318,None,Standard
piloswine,221,piloswine,Piloswine,Default Form,1,0,0,319,None,Standard
corsola,222,corsola,Corsola,Default Form,1,0,0,321,None,Standard
remoraid,223,remoraid,Remoraid,Default Form,1,0,0,323,None,Standard
octillery,224,octillery,Octillery,Default Form,1,0,0,324,None,Standard
delibird,225,delibird,Delibird,Default Form,1,0,0,325,None,Standard
mantine,226,mantine,Mantine,Default Form,1,0,0,327,None,Standard
skarmory,227,skarmory,Skarmory,Default Form,1,0,0,328,None,Standard
houndour,228,houndour,Houndour,Default Form,1,0,0,329,None,Standard
houndoom,229,houndoom,Houndoom,Default Form,1,0,0,330,None,Standard
kingdra,230,kingdra,Kingdra,Default Form,1,0,0,188,None,Standard
phanpy,231,phanpy,Phanpy,Default Form,1,0,0,332,None,Standard
donphan,232,donphan,Donphan,Default Form,1,0,0,333,None,Standard
porygon2,233,porygon2,Porygon2,Default Form,1,0,0,226,None,Standard
stantler,234,stantler,Stantler,Default Form,1,0,0,334,None,Standard
smeargle,235,smeargle,Smeargle,Default Form,1,0,0,335,None,Standard
tyrogue,236,tyrogue,Tyrogue,Default Form,1,0,0,167,None,Standard
hitmontop,237,hitmontop,Hitmontop,Default Form,1,0,0,170,None,Standard
smoochum,238,smoochum,Smoochum,Default Form,1,0,0,199,None,Standard
elekid,239,elekid,Elekid,Default Form,1,0,0,201,None,Standard
magby,240,magby,Magby,Default Form,1,0,0,204,None,Standard
miltank,241,miltank,Miltank,Default Form,1,0,0,336,None,Standard
blissey,242,blissey,Blissey,Default Form,1,0,0,181,None,Standard
raikou,243,raikou,Raikou,Default Form,1,0,0,337,None,Standard
entei,244,entei,Entei,Default Form,1,0,0,338,None,Standard
suicune,245,suicune,Suicune,Default Form,1,0,0,339,None,Standard
larvitar,246,larvitar,Larvitar,Default Form,1,0,0,340,None,Standard
pupitar,247,pupitar,Pupitar,Default Form,1,0,0,341,None,Standard
tyranitar,248,tyranitar,Tyranitar,Default Form,1,0,0,342,None,Standard
lugia,249,lugia,Lugia,Default Form,1,0,0,344,None,Standard
ho-oh,250,ho-oh,Ho Oh,Default Form,1,0,0,345,None,Standard
celebi,251,celebi,Celebi,Default Form,1,0,0,346,None,Standard
treecko,252,treecko,Treecko,Default Form,1,0,0,347,None,Standard
grovyle,253,grovyle,Grovyle,Default Form,1,0,0,348,None,Standard
sceptile,254,sceptile,Sceptile,Default Form,1,0,0,349,None,Standard
torchic,255,torchic,Torchic,Default Form,1,0,0,351,None,Standard
combusken,256,combusken,Combusken,Default Form,1,0,0,352,None,Standard
blaziken,257,blaziken,Blaziken,Default Form,1,0,0,353,None,Standard
mudkip,258,mudkip,Mudkip,Default Form,1,0,0,355,None,Standard
marshtomp,259,marshtomp,Marshtomp,Default Form,1,0,0,356,None,Standard
swampert,260,swampert,Swampert,Default Form,1,0,0,357,None,Standard
poochyena,261,poochyena,Poochyena,Default Form,1,0,0,359,None,Standard
mightyena,262,mightyena,Mightyena,Default Form,1,0,0,360,None,Standard
zigzagoon,263,zigzagoon,Zigzagoon,Default Form,1,0,0,361,None,Standard
linoone,264,linoone,Linoone,Default Form,1,0,0,363,None,Standard
wurmple,265,wurmple,Wurmple,Default Form,1,0,0,365,None,Standard
silcoon,266,silcoon,Silcoon,Default Form,1,0,0,366,None,Standard
beautifly,267,beautifly,Beautifly,Default Form,1,0,0,367,None,Standard
cascoon,268,cascoon,Cascoon,Default Form,1,0,0,368,None,Standard
dustox,269,dustox,Dustox,Default Form,1,0,0,369,None,Standard
lotad,270,lotad,Lotad,Default Form,1,0,0,370,None,Standard
lombre,271,lombre,Lombre,Default Form,1,0,0,371,None,Standard
ludicolo,272,ludicolo,Ludicolo,Default Form,1,0,0,372,None,Standard
seedot,273,seedot,Seedot,Default Form,1,0,0,373,None,Standard
nuzleaf,274,nuzleaf,Nuzleaf,Default Form,1,0,0,374,None,Standard
shiftry,275,shiftry,Shiftry,Default Form,1,0,0,375,None,Standard
taillow,276,taillow,Taillow,Default Form,1,0,0,376,None,Standard
swellow,277,swellow,Swellow,Default Form,1,0,0,377,None,Standard
wingull,278,wingull,Wingull,Default Form,1,0,0,378,None,Standard
pelipper,279,pelipper,Pelipper,Default Form,1,0,0,379,None,Standard
ralts,280,ralts,Ralts,Default Form,1,0,0,380,None,Standard
kirlia,281,kirlia,Kirlia,Default Form,1,0,0,381,None,Standard
gardevoir,282,gardevoir,Gardevoir,Default Form,1,0,0,382,None,Standard
surskit,283,surskit,Surskit,Default Form,1,0,0,386,None,Standard
masquerain,284,masquerain,Masquerain,Default Form,1,0,0,387,None,Standard
shroomish,285,shroomish,Shroomish,Default Form,1,0,0,388,None,Standard
breloom,286,breloom,Breloom,Default Form,1,0,0,389,None,Standard
slakoth,287,slakoth,Slakoth,Default Form,1,0,0,390,None,Standard
vigoroth,288,vigoroth,Vigoroth,Default Form,1,0,0,391,None,Standard
slaking,289,slaking,Slaking,Default Form,1,0,0,392,None,Standard
nincada,290,nincada,Nincada,Default Form,1,0,0,393,None,Standard
ninjask,291,ninjask,Ninjask,Default Form,1,0,0,394,None,Standard
shedinja,292,shedinja,Shedinja,Default Form,1,0,0,395,None,Standard
whismur,293,whismur,Whismur,Default Form,1,0,0,396,None,Standard
loudred,294,loudred,Loudred,Default Form,1,0,0,397,None,Standard
exploud,295,exploud,Exploud,Default Form,1,0,0,398,None,Standard
makuhita,296,makuhita,Makuhita,Default Form,1,0,0,399,None,Standard
hariyama,297,hariyama,Hariyama,Default Form,1,0,0,400,None,Standard
azurill,298,azurill,Azurill,Default Form,1,0,0,277,None,Standard
nosepass,299,nosepass,Nosepass,Default Form,1,0,0,401,None,Standard
skitty,300,skitty,Skitty,Default Form,1,0,0,403,None,Standard
delcatty,301,delcatty,Delcatty,Default Form,1,0,0,404,None,Standard
sableye,302,sableye,Sableye,Default Form,1,0,0,405,None,Standard
mawile,303,mawile,Mawile,Default Form,1,0,0,407,None,Standard
aron,304,aron,Aron,Default Form,1,0,0,409,None,Standard
lairon,305,lairon,Lairon,Default Form,1,0,0,410,None,Standard
aggron,306,aggron,Aggron,Default Form,1,0,0,411,None,Standard
meditite,307,meditite,Meditite,Default Form,1,0,0,413,None,Standard
medicham,308,medicham,Medicham,Default Form,1,0,0,414,None,Standard
electrike,309,electrike,Electrike,Default Form,1,0,0,416,None,Standard
manectric,310,manectric,Manectric,Default Form,1,0,0,417,None,Standard
plusle,311,plusle,Plusle,Default Form,1,0,0,419,None,Standard
minun,312,minun,Minun,Default Form,1,0,0,420,None,Standard
volbeat,313,volbeat,Volbeat,Default Form,1,0,0,421,None,Standard
illumise,314,illumise,Illumise,Default Form,1,0,0,422,None,Standard
roselia,315,roselia,Roselia,Default Form,1,0,0,424,None,Standard
gulpin,316,gulpin,Gulpin,Default Form,1,0,0,426,None,Standard
swalot,317,swalot,Swalot,Default Form,1,0,0,427,None,Standard
carvanha,318,carvanha,Carvanha,Default Form,1,0,0,428,None,Standard
sharpedo,319,sharpedo,Sharpedo,Default Form,1,0,0,429,None,Standard
wailmer,320,wailmer,Wailmer,Default Form,1,0,0,431,None,Standard
wailord,321,wailord,Wailord,Default Form,1,0,0,432,None,Standard
numel,322,numel,Numel,Default Form,1,0,0,433,None,Standard
camerupt,323,camerupt,Camerupt,Default Form,1,0,0,434,None,Standard
torkoal,324,torkoal,Torkoal,Default Form,1,0,0,436,None,Standard
spoink,325,spoink,Spoink,Default Form,1,0,0,437,None,Standard
grumpig,326,grumpig,Grumpig,Default Form,1,0,0,438,None,Standard
spinda,327,spinda,Spinda,Default Form,1,0,0,439,None,Standard
trapinch,328,trapinch,Trapinch,Default Form,1,0,0,440,None,Standard
vibrava,329,vibrava,Vibrava,Default Form,1,0,0,441,None,Standard
flygon,330,flygon,Flygon,Default Form,1,0,0,442,None,Standard
cacnea,331,cacnea,Cacnea,Default Form,1,0,0,443,None,Standard
cacturne,332,cacturne,Cacturne,Default Form,1,0,0,444,None,Standard
swablu,333,swablu,Swablu,Default Form,1,0,0,445,None,Standard
altaria,334,altaria,Altaria,Default Form,1,0,0,446,None,Standard
zangoose,335,zangoose,Zangoose,Default Form,1,0,0,448,None,Standard
seviper,336,seviper,Seviper,Default Form,1,0,0,449,None,Standard
lunatone,337,lunatone,Lunatone,Default Form,1,0,0,450,None,Standard
solrock,338,solrock,Solrock,Default Form,1,0,0,451,None,Standard
barboach,339,barboach,Barboach,Default Form,1,0,0,452,None,Standard
whiscash,340,whiscash,Whiscash,Default Form,1,0,0,453,None,Standard
corphish,341,corphish,Corphish,Default Form,1,0,0,454,None,Standard
crawdaunt,342,crawdaunt,Crawdaunt,Default Form,1,0,0,455,None,Standard
baltoy,343,baltoy,Baltoy,Default Form,1,0,0,456,None,Standard
claydol,344,claydol,Claydol,Default Form,1,0,0,457,None,Standard
lileep,345,lileep,Lileep,Default Form,1,0,0,458,None,Standard
cradily,346,cradily,Cradily,Default Form,1,0,0,459,None,Standard
anorith,347,anorith,Anorith,Default Form,1,0,0,460,None,Standard
armaldo,348,armaldo,Armaldo,Default Form,1,0,0,461,None,Standard
feebas,349,feebas,Feebas,Default Form,1,0,0,462,None,Standard
milotic,350,milotic,Milotic,Default Form,1,0,0,463,None,Standard
castform,351,castform,Castform,Default Form,1,0,0,464,None,Standard
kecleon,352,kecleon,Kecleon,Default Form,1,0,0,468,None,Standard
shuppet,353,shuppet,Shuppet,Default Form,1,0,0,469,None,Standard
banette,354,banette,Banette,Default Form,1,0,0,470,None,Standard
duskull,355,duskull,Duskull,Default Form,1,0,0,472,None,Standard
dusclops,356,dusclops,Dusclops,Default Form,1,0,0,473,None,Standard
tropius,357,tropius,Tropius,Default Form,1,0,0,475,None,Standard
chimecho,358,chimecho,Chimecho,Default Form,1,0,0,477,None,Standard
absol,359,absol,Absol,Default Form,1,0,0,478,None,Standard
wynaut,360,wynaut,Wynaut,Default Form,1,0,0,298,None,Standard
snorunt,361,snorunt,Snorunt,Default Form,1,0,0,480,None,Standard
glalie,362,glalie,Glalie,Default Form,1,0,0,481,None,Standard
spheal,363,spheal,Spheal,Default Form,1,0,0,484,None,Standard
sealeo,364,sealeo,Sealeo,Default Form,1,0,0,485,None,Standard
walrein,365,walrein,Walrein,Default Form,1,0,0,486,None,Standard
clamperl,366,clamperl,Clamperl,Default Form,1,0,0,487,None,Standard
huntail,367,huntail,Huntail,Default Form,1,0,0,488,None,Standard
gorebyss,368,gorebyss,Gorebyss,Default Form,1,0,0,489,None,Standard
relicanth,369,relicanth,Relicanth,Default Form,1,0,0,490,None,Standard
luvdisc,370,luvdisc,Luvdisc,Default Form,1,0,0,491,None,Standard
bagon,371,bagon,Bagon,Default Form,1,0,0,492,None,Standard
shelgon,372,shelgon,Shelgon,Default Form,1,0,0,493,None,Standard
salamence,373,salamence,Salamence,Default Form,1,0,0,494,None,Standard
beldum,374,beldum,Beldum,Default Form,1,0,0,496,None,Standard
metang,375,metang,Metang,Default Form,1,0,0,497,None,Standard
metagross,376,metagross,Metagross,Default Form,1,0,0,498,None,Standard
regirock,377,regirock,Regirock,Default Form,1,0,0,500,None,Standard
regice,378,regice,Regice,Default Form,1,0,0,501,None,Standard
registeel,379,registeel,Registeel,Default Form,1,0,0,502,None,Standard
latias,380,latias,Latias,Default Form,1,0,0,503,None,Standard
latios,381,latios,Latios,Default Form,1,0,0,505,None,Standard
kyogre,382,kyogre,Kyogre,Default Form,1,0,0,507,None,Standard
groudon,383,groudon,Groudon,Default Form,1,0,0,509,None,Standard
rayquaza,384,rayquaza,Rayquaza,Default Form,1,0,0,511,None,Standard
jirachi,385,jirachi,Jirachi,Default Form,1,0,0,513,None,Standard
deoxys-normal,386,deoxys,Deoxys Normal,Normal,1,0,0,514,None,Standard
turtwig,387,turtwig,Turtwig,Default Form,1,0,0,518,None,Standard
grotle,388,grotle,Grotle,Default Form,1,0,0,519,None,Standard
torterra,389,torterra,Torterra,Default Form,1,0,0,520,None,Standard
chimchar,390,chimchar,Chimchar,Default Form,1,0,0,521,None,Standard
monferno,391,monferno,Monferno,Default Form,1,0,0,522,None,Standard
infernape,392,infernape,Infernape,Default Form,1,0,0,523,None,Standard
piplup,393,piplup,Piplup,Default Form,1,0,0,524,None,Standard
prinplup,394,prinplup,Prinplup,Default Form,1,0,0,525,None,Standard
empoleon,395,empoleon,Empoleon,Default Form,1,0,0,526,None,Standard
starly,396,starly,Starly,Default Form,1,0,0,527,None,Standard
staravia,397,staravia,Staravia,Default Form,1,0,0,528,None,Standard
staraptor,398,staraptor,Staraptor,Default Form,1,0,0,529,None,Standard
bidoof,399,bidoof,Bidoof,Default Form,1,0,0,530,None,Standard
bibarel,400,bibarel,Bibarel,Default Form,1,0,0,531,None,Standard
kricketot,401,kricketot,Kricketot,Default Form,1,0,0,532,None,Standard
kricketune,402,kricketune,Kricketune,Default Form,1,0,0,533,None,Standard
shinx,403,shinx,Shinx,Default Form,1,0,0,534,None,Standard
luxio,404,luxio,Luxio,Default Form,1,0,0,535,None,Standard
luxray,405,luxray,Luxray,Default Form,1,0,0,536,None,Standard
budew,406,budew,Budew,Default Form,1,0,0,423,None,Standard
roserade,407,roserade,Roserade,Default Form,1,0,0,425,None,Standard
cranidos,408,cranidos,Cranidos,Default Form,1,0,0,537,None,Standard
rampardos,409,rampardos,Rampardos,Default Form,1,0,0,538,None,Standard
shieldon,410,shieldon,Shieldon,Default Form,1,0,0,539,None,Standard
bastiodon,411,bastiodon,Bastiodon,Default Form,1,0,0,540,None,Standard
burmy,412,burmy,Burmy,Default Form,1,0,0,541,None,Standard
wormadam-plant,413,wormadam,Wormadam Plant,Plant,1,0,0,542,None,Standard
mothim,414,mothim,Mothim,Default Form,1,0,0,545,None,Standard
combee,415,combee,Combee,Default Form,1,0,0,546,None,Standard
vespiquen,416,vespiquen,Vespiquen,Default Form,1,0,0,547,None,Standard
pachirisu,417,pachirisu,Pachirisu,Default Form,1,0,0,548,None,Standard
buizel,418,buizel,Buizel,Default Form,1,0,0,549,None,Standard
floatzel,419,floatzel,Floatzel,Default Form,1,0,0,550,None,Standard
cherubi,420,cherubi,Cherubi,Default Form,1,0,0,551,None,Standard
cherrim,421,cherrim,Cherrim,Default Form,1,0,0,552,None,Standard
shellos,422,shellos,Shellos,Default Form,1,0,0,553,None,Standard
gastrodon,423,gastrodon,Gastrodon,Default Form,1,0,0,554,None,Standard
ambipom,424,ambipom,Ambipom,Default Form,1,0,0,286,None,Standard
drifloon,425,drifloon,Drifloon,Default Form,1,0,0,555,None,Standard
drifblim,426,drifblim,Drifblim,Default Form,1,0,0,556,None,Standard
buneary,427,buneary,Buneary,Default Form,1,0,0,557,None,Standard
lopunny,428,lopunny,Lopunny,Default Form,1,0,0,558,None,Standard
mismagius,429,mismagius,Mismagius,Default Form,1,0,0,296,None,Standard
honchkrow,430,honchkrow,Honchkrow,Default Form,1,0,0,294,None,Standard
glameow,431,glameow,Glameow,Default Form,1,0,0,560,None,Standard
purugly,432,purugly,Purugly,Default Form,1,0,0,561,None,Standard
chingling,433,chingling,Chingling,Default Form,1,0,0,476,None,Standard
stunky,434,stunky,Stunky,Default Form,1,0,0,562,None,Standard
skuntank,435,skuntank,Skuntank,Default Form,1,0,0,563,None,Standard
bronzor,436,bronzor,Bronzor,Default Form,1,0,0,564,None,Standard
bronzong,437,bronzong,Bronzong,Default Form,1,0,0,565,None,Standard
bonsly,438,bonsly,Bonsly,Default Form,1,0,0,280,None,Standard
mime-jr,439,mime-jr,Mime Jr,Default Form,1,0,0,193,None,Standard
happiny,440,happiny,Happiny,Default Form,1,0,0,179,None,Standard
chatot,441,chatot,Chatot,Default Form,1,0,0,566,None,Standard
spiritomb,442,spiritomb,Spiritomb,Default Form,1,0,0,567,None,Standard
gible,443,gible,Gible,Default Form,1,0,0,568,None,Standard
gabite,444,gabite,Gabite,Default Form,1,0,0,569,None,Standard
garchomp,445,garchomp,Garchomp,Default Form,1,0,0,570,None,Standard
munchlax,446,munchlax,Munchlax,Default Form,1,0,0,234,None,Standard
riolu,447,riolu,Riolu,Default Form,1,0,0,572,None,Standard
lucario,448,lucario,Lucario,Default Form,1,0,0,573,None,Standard
hippopotas,449,hippopotas,Hippopotas,Default Form,1,0,0,575,None,Standard
hippowdon,450,hippowdon,Hippowdon,Default Form,1,0,0,576,None,Standard
skorupi,451,skorupi,Skorupi,Default Form,1,0,0,577,None,Standard
drapion,452,drapion,Drapion,Default Form,1,0,0,578,None,Standard
croagunk,453,croagunk,Croagunk,Default Form,1,0,0,579,None,Standard
toxicroak,454,toxicroak,Toxicroak,Default Form,1,0,0,580,None,Standard
carnivine,455,carnivine,Carnivine,Default Form,1,0,0,581,None,Standard
finneon,456,finneon,Finneon,Default Form,1,0,0,582,None,Standard
lumineon,457,lumineon,Lumineon,Default Form,1,0,0,583,None,Standard
mantyke,458,mantyke,Mantyke,Default Form,1,0,0,326,None,Standard
snover,459,snover,Snover,Default Form,1,0,0,584,None,Standard
abomasnow,460,abomasnow,Abomasnow,Default Form,1,0,0,585,None,Standard
weavile,461,weavile,Weavile,Default Form,1,0,0,313,None,Standard
magnezone,462,magnezone,Magnezone,Default Form,1,0,0,134,None,Standard
lickilicky,463,lickilicky,Lickilicky,Default Form,1,0,0,172,None,Standard
rhyperior,464,rhyperior,Rhyperior,Default Form,1,0,0,178,None,Standard
tangrowth,465,tangrowth,Tangrowth,Default Form,1,0,0,183,None,Standard
electivire,466,electivire,Electivire,Default Form,1,0,0,203,None,Standard
magmortar,467,magmortar,Magmortar,Default Form,1,0,0,206,None,Standard
togekiss,468,togekiss,Togekiss,Default Form,1,0,0,270,None,Standard
yanmega,469,yanmega,Yanmega,Default Form,1,0,0,290,None,Mega
leafeon,470,leafeon,Leafeon,Default Form,1,0,0,222,None,Standard
glaceon,471,glaceon,Glaceon,Default Form,1,0,0,223,None,Standard
gliscor,472,gliscor,Gliscor,Default Form,1,0,0,305,None,Standard
mamoswine,473,mamoswine,Mamoswine,Default Form,1,0,0,320,None,Standard
porygon-z,474,porygon-z,Porygon Z,Default Form,1,0,0,227,None,Standard
gallade,475,gallade,Gallade,Default Form,1,0,0,384,None,Standard
probopass,476,probopass,Probopass,Default Form,1,0,0,402,None,Standard
dusknoir,477,dusknoir,Dusknoir,Default Form,1,0,0,474,None,Standard
froslass,478,froslass,Froslass,Default Form,1,0,0,483,None,Standard
rotom,479,rotom,Rotom,Default Form,1,0,0,587,None,Standard
uxie,480,uxie,Uxie,Default Form,1,0,0,593,None,Standard
mesprit,481,mesprit,Mesprit,Default Form,1,0,0,594,None,Standard
azelf,482,azelf,Azelf,Default Form,1,0,0,595,None,Standard
dialga,483,dialga,Dialga,Default Form,1,0,0,596,None,Standard
palkia,484,palkia,Palkia,Default Form,1,0,0,597,None,Standard
heatran,485,heatran,Heatran,Default Form,1,0,0,598,None,Standard
regigigas,486,regigigas,Regigigas,Default Form,1,0,0,599,None,Standard
giratina-altered,487,giratina,Giratina Altered,Altered,1,0,0,600,None,Standard
cresselia,488,cresselia,Cresselia,Default Form,1,0,0,602,None,Standard
phione,489,phione,Phione,Default Form,1,0,0,603,None,Standard
manaphy,490,manaphy,Manaphy,Default Form,1,0,0,604,None,Standard
darkrai,491,darkrai,Darkrai,Default Form,1,0,0,605,None,Standard
shaymin-land,492,shaymin,Shaymin Land,Land,1,0,0,606,None,Standard
arceus,493,arceus,Arceus,Default Form,1,0,0,608,None,Standard
victini,494,victini,Victini,Default Form,1,0,0,609,None,Standard
snivy,495,snivy,Snivy,Default Form,1,0,0,610,None,Standard
servine,496,servine,Servine,Default Form,1,0,0,611,None,Standard
serperior,497,serperior,Serperior,Default Form,1,0,0,612,None,Standard
tepig,498,tepig,Tepig,Default Form,1,0,0,613,None,Standard
pignite,499,pignite,Pignite,Default Form,1,0,0,614,None,Standard
emboar,500,emboar,Emboar,Default Form,1,0,0,615,None,Standard
oshawott,501,oshawott,Oshawott,Default Form,1,0,0,616,None,Standard
dewott,502,dewott,Dewott,Default Form,1,0,0,617,None,Standard
samurott,503,samurott,Samurott,Default Form,1,0,0,618,None,Standard
patrat,504,patrat,Patrat,Default Form,1,0,0,619,None,Standard
watchog,505,watchog,Watchog,Default Form,1,0,0,620,None,Standard
lillipup,506,lillipup,Lillipup,Default Form,1,0,0,621,None,Standard
herdier,507,herdier,Herdier,Default Form,1,0,0,622,None,Standard
stoutland,508,stoutland,Stoutland,Default Form,1,0,0,623,None,Standard
purrloin,509,purrloin,Purrloin,Default Form,1,0,0,624,None,Standard
liepard,510,liepard,Liepard,Default Form,1,0,0,625,None,Standard
pansage,511,pansage,Pansage,Default Form,1,0,0,626,None,Standard
simisage,512,simisage,Simisage,Default Form,1,0,0,627,None,Standard
pansear,513,pansear,Pansear,Default Form,1,0,0,628,None,Standard
simisear,514,simisear,Simisear,Default Form,1,0,0,629,None,Standard
panpour,515,panpour,Panpour,Default Form,1,0,0,630,None,Standard
simipour,516,simipour,Simipour,Default Form,1,0,0,631,None,Standard
munna,517,munna,Munna,Default Form,1,0,0,632,None,Standard
musharna,518,musharna,Musharna,Default Form,1,0,0,633,None,Standard
pidove,519,pidove,Pidove,Default Form,1,0,0,634,None,Standard
tranquill,520,tranquill,Tranquill,Default Form,1,0,0,635,None,Standard
unfezant,521,unfezant,Unfezant,Default Form,1,0,0,636,None,Standard
blitzle,522,blitzle,Blitzle,Default Form,1,0,0,637,None,Standard
zebstrika,523,zebstrika,Zebstrika,Default Form,1,0,0,638,None,Standard
roggenrola,524,roggenrola,Roggenrola,Default Form,1,0,0,639,None,Standard
boldore,525,boldore,Boldore,Default Form,1,0,0,640,None,Standard
gigalith,526,gigalith,Gigalith,Default Form,1,0,0,641,None,Standard
woobat,527,woobat,Woobat,Default Form,1,0,0,642,None,Standard
swoobat,528,swoobat,Swoobat,Default Form,1,0,0,643,None,Standard
drilbur,529,drilbur,Drilbur,Default Form,1,0,0,644,None,Standard
excadrill,530,excadrill,Excadrill,Default Form,1,0,0,645,None,Standard
audino,531,audino,Audino,Default Form,1,0,0,646,None,Standard
timburr,532,timburr,Timburr,Default Form,1,0,0,648,None,Standard
gurdurr,533,gurdurr,Gurdurr,Default Form,1,0,0,649,None,Standard
conkeldurr,534,conkeldurr,Conkeldurr,Default Form,1,0,0,650,None,Standard
tympole,535,tympole,Tympole,Default Form,1,0,0,651,None,Standard
palpitoad,536,palpitoad,Palpitoad,Default Form,1,0,0,652,None,Standard
seismitoad,537,seismitoad,Seismitoad,Default Form,1,0,0,653,None,Standard
throh,538,throh,Throh,Default Form,1,0,0,654,None,Standard
sawk,539,sawk,Sawk,Default Form,1,0,0,655,None,Standard
sewaddle,540,sewaddle,Sewaddle,Default Form,1,0,0,656,None,Standard
swadloon,541,swadloon,Swadloon,Default Form,1,0,0,657,None,Standard
leavanny,542,leavanny,Leavanny,Default Form,1,0,0,658,None,Standard
venipede,543,venipede,Venipede,Default Form,1,0,0,659,None,Standard
whirlipede,544,whirlipede,Whirlipede,Default Form,1,0,0,660,None,Standard
scolipede,545,scolipede,Scolipede,Default Form,1,0,0,661,None,Standard
cottonee,546,cottonee,Cottonee,Default Form,1,0,0,662,None,Standard
whimsicott,547,whimsicott,Whimsicott,Default Form,1,0,0,663,None,Standard
petilil,548,petilil,Petilil,Default Form,1,0,0,664,None,Standard
lilligant,549,lilligant,Lilligant,Default Form,1,0,0,665,None,Standard
basculin-red-striped,550,basculin,Basculin Red Striped,Red Striped,1,0,0,666,None,Standard
sandile,551,sandile,Sandile,Default Form,1,0,0,668,None,Standard
krokorok,552,krokorok,Krokorok,Default Form,1,0,0,669,None,Standard
krookodile,553,krookodile,Krookodile,Default Form,1,0,0,670,None,Standard
darumaka,554,darumaka,Darumaka,Default Form,1,0,0,671,None,Standard
darmanitan-standard,555,darmanitan,Darmanitan Standard,Standard,1,0,0,673,None,Standard
maractus,556,maractus,Maractus,Default Form,1,0,0,677,None,Standard
dwebble,557,dwebble,Dwebble,Default Form,1,0,0,678,None,Standard
crustle,558,crustle,Crustle,Default Form,1,0,0,679,None,Standard
scraggy,559,scraggy,Scraggy,Default Form,1,0,0,680,None,Standard
scrafty,560,scrafty,Scrafty,Default Form,1,0,0,681,None,Standard
sigilyph,561,sigilyph,Sigilyph,Default Form,1,0,0,682,None,Standard
yamask,562,yamask,Yamask,Default Form,1,0,0,683,None,Standard
cofagrigus,563,cofagrigus,Cofagrigus,Default Form,1,0,0,685,None,Standard
tirtouga,564,tirtouga,Tirtouga,Default Form,1,0,0,686,None,Standard
carracosta,565,carracosta,Carracosta,Default Form,1,0,0,687,None,Standard
archen,566,archen,Archen,Default Form,1,0,0,688,None,Standard
archeops,567,archeops,Archeops,Default Form,1,0,0,689,None,Standard
trubbish,568,trubbish,Trubbish,Default Form,1,0,0,690,None,Standard
garbodor,569,garbodor,Garbodor,Default Form,1,0,0,691,None,Standard
zorua,570,zorua,Zorua,Default Form,1,0,0,692,None,Standard
zoroark,571,zoroark,Zoroark,Default Form,1,0,0,693,None,Standard
minccino,572,minccino,Minccino,Default Form,1,0,0,694,None,Standard
cinccino,573,cinccino,Cinccino,Default Form,1,0,0,695,None,Standard
gothita,574,gothita,Gothita,Default Form,1,0,0,696,None,Standard
gothorita,575,gothorita,Gothorita,Default Form,1,0,0,697,None,Standard
gothitelle,576,gothitelle,Gothitelle,Default Form,1,0,0,698,None,Standard
solosis,577,solosis,Solosis,Default Form,1,0,0,699,None,Standard
duosion,578,duosion,Duosion,Default Form,1,0,0,700,None,Standard
reuniclus,579,reuniclus,Reuniclus,Default Form,1,0,0,701,None,Standard
ducklett,580,ducklett,Ducklett,Default Form,1,0,0,702,None,Standard
swanna,581,swanna,Swanna,Default Form,1,0,0,703,None,Standard
vanillite,582,vanillite,Vanillite,Default Form,1,0,0,704,None,Standard
vanillish,583,vanillish,Vanillish,Default Form,1,0,0,705,None,Standard
vanilluxe,584,vanilluxe,Vanilluxe,Default Form,1,0,0,706,None,Standard
deerling,585,deerling,Deerling,Default Form,1,0,0,707,None,Standard
sawsbuck,586,sawsbuck,Sawsbuck,Default Form,1,0,0,708,None,Standard
emolga,587,emolga,Emolga,Default Form,1,0,0,709,None,Standard
karrablast,588,karrablast,Karrablast,Default Form,1,0,0,710,None,Standard
escavalier,589,escavalier,Escavalier,Default Form,1,0,0,711,None,Standard
foongus,590,foongus,Foongus,Default Form,1,0,0,712,None,Standard
amoonguss,591,amoonguss,Amoonguss,Default Form,1,0,0,713,None,Standard
frillish-male,592,frillish,Frillish maleale,Male,1,0,0,714,None,Standard
jellicent-male,593,jellicent,Jellicent maleale,Male,1,0,0,715,None,Standard
alomomola,594,alomomola,Alomomola,Default Form,1,0,0,716,None,Standard
joltik,595,joltik,Joltik,Default Form,1,0,0,717,None,Standard
galvantula,596,galvantula,Galvantula,Default Form,1,0,0,718,None,Standard
ferroseed,597,ferroseed,Ferroseed,Default Form,1,0,0,719,None,Standard
ferrothorn,598,ferrothorn,Ferrothorn,Default Form,1,0,0,720,None,Standard
klink,599,klink,Klink,Default Form,1,0,0,721,None,Standard
klang,600,klang,Klang,Default Form,1,0,0,722,None,Standard
klinklang,601,klinklang,Klinklang,Default Form,1,0,0,723,None,Standard
tynamo,602,tynamo,Tynamo,Default Form,1,0,0,724,None,Standard
eelektrik,603,eelektrik,Eelektrik,Default Form,1,0,0,725,None,Standard
eelektross,604,eelektross,Eelektross,Default Form,1,0,0,726,None,Standard
elgyem,605,elgyem,Elgyem,Default Form,1,0,0,727,None,Standard
beheeyem,606,beheeyem,Beheeyem,Default Form,1,0,0,728,None,Standard
litwick,607,litwick,Litwick,Default Form,1,0,0,729,None,Standard
lampent,608,lampent,Lampent,Default Form,1,0,0,730,None,Standard
chandelure,609,chandelure,Chandelure,Default Form,1,0,0,731,None,Standard
axew,610,axew,Axew,Default Form,1,0,0,732,None,Standard
fraxure,611,fraxure,Fraxure,Default Form,1,0,0,733,None,Standard
haxorus,612,haxorus,Haxorus,Default Form,1,0,0,734,None,Standard
cubchoo,613,cubchoo,Cubchoo,Default Form,1,0,0,735,None,Standard
beartic,614,beartic,Beartic,Default Form,1,0,0,736,None,Standard
cryogonal,615,cryogonal,Cryogonal,Default Form,1,0,0,737,None,Standard
shelmet,616,shelmet,Shelmet,Default Form,1,0,0,738,None,Standard
accelgor,617,accelgor,Accelgor,Default Form,1,0,0,739,None,Standard
stunfisk,618,stunfisk,Stunfisk,Default Form,1,0,0,740,None,Standard
mienfoo,619,mienfoo,Mienfoo,Default Form,1,0,0,742,None,Standard
mienshao,620,mienshao,Mienshao,Default Form,1,0,0,743,None,Standard
druddigon,621,druddigon,Druddigon,Default Form,1,0,0,744,None,Standard
golett,622,golett,Golett,Default Form,1,0,0,745,None,Standard
golurk,623,golurk,Golurk,Default Form,1,0,0,746,None,Standard
pawniard,624,pawniard,Pawniard,Default Form,1,0,0,747,None,Standard
bisharp,625,bisharp,Bisharp,Default Form,1,0,0,748,None,Standard
bouffalant,626,bouffalant,Bouffalant,Default Form,1,0,0,749,None,Standard
rufflet,627,rufflet,Rufflet,Default Form,1,0,0,750,None,Standard
braviary,628,braviary,Braviary,Default Form,1,0,0,751,None,Standard
vullaby,629,vullaby,Vullaby,Default Form,1,0,0,752,None,Standard
mandibuzz,630,mandibuzz,Mandibuzz,Default Form,1,0,0,753,None,Standard
heatmor,631,heatmor,Heatmor,Default Form,1,0,0,754,None,Standard
durant,632,durant,Durant,Default Form,1,0,0,755,None,Standard
deino,633,deino,Deino,Default Form,1,0,0,756,None,Standard
zweilous,634,zweilous,Zweilous,Default Form,1,0,0,757,None,Standard
hydreigon,635,hydreigon,Hydreigon,Default Form,1,0,0,758,None,Standard
larvesta,636,larvesta,Larvesta,Default Form,1,0,0,759,None,Standard
volcarona,637,volcarona,Volcarona,Default Form,1,0,0,760,None,Standard
cobalion,638,cobalion,Cobalion,Default Form,1,0,0,761,None,Standard
terrakion,639,terrakion,Terrakion,Default Form,1,0,0,762,None,Standard
virizion,640,virizion,Virizion,Default Form,1,0,0,763,None,Standard
tornadus-incarnate,641,tornadus,Tornadus Incarnate,Incarnate,1,0,0,764,None,Incarnate
thundurus-incarnate,642,thundurus,Thundurus Incarnate,Incarnate,1,0,0,766,None,Incarnate
reshiram,643,reshiram,Reshiram,Default Form,1,0,0,768,None,Standard
zekrom,644,zekrom,Zekrom,Default Form,1,0,0,769,None,Standard
landorus-incarnate,645,landorus,Landorus Incarnate,Incarnate,1,0,0,770,None,Incarnate
kyurem,646,kyurem,Kyurem,Default Form,1,0,0,772,None,Standard
keldeo-ordinary,647,keldeo,Keldeo Ordinary,Ordinary,1,0,0,775,None,Standard
meloetta-aria,648,meloetta,Meloetta Aria,Aria,1,0,0,777,None,Standard
genesect,649,genesect,Genesect,Default Form,1,0,0,779,None,Standard
chespin,650,chespin,Chespin,Default Form,1,0,0,780,None,Standard
quilladin,651,quilladin,Quilladin,Default Form,1,0,0,781,None,Standard
chesnaught,652,chesnaught,Chesnaught,Default Form,1,0,0,782,None,Standard
fennekin,653,fennekin,Fennekin,Default Form,1,0,0,783,None,Standard
braixen,654,braixen,Braixen,Default Form,1,0,0,784,None,Standard
delphox,655,delphox,Delphox,Default Form,1,0,0,785,None,Standard
froakie,656,froakie,Froakie,Default Form,1,0,0,786,None,Standard
frogadier,657,frogadier,Frogadier,Default Form,1,0,0,787,None,Standard
greninja,658,greninja,Greninja,Default Form,1,0,0,788,None,Standard
bunnelby,659,bunnelby,Bunnelby,Default Form,1,0,0,791,None,Standard
diggersby,660,diggersby,Diggersby,Default Form,1,0,0,792,None,Standard
fletchling,661,fletchling,Fletchling,Default Form,1,0,0,793,None,Standard
fletchinder,662,fletchinder,Fletchinder,Default Form,1,0,0,794,None,Standard
talonflame,663,talonflame,Talonflame,Default Form,1,0,0,795,None,Standard
scatterbug,664,scatterbug,Scatterbug,Default Form,1,0,0,796,None,Standard
spewpa,665,spewpa,Spewpa,Default Form,1,0,0,797,None,Standard
vivillon,666,vivillon,Vivillon,Default Form,1,0,0,798,None,Standard
litleo,667,litleo,Litleo,Default Form,1,0,0,799,None,Standard
pyroar-male,668,pyroar,Pyroar maleale,Male,1,0,0,800,None,Standard
flabebe,669,flabebe,Flabebe,Default Form,1,0,0,801,None,Standard
floette,670,floette,Floette,Default Form,1,0,0,802,None,Standard
florges,671,florges,Florges,Default Form,1,0,0,804,None,Standard
skiddo,672,skiddo,Skiddo,Default Form,1,0,0,805,None,Standard
gogoat,673,gogoat,Gogoat,Default Form,1,0,0,806,None,Standard
pancham,674,pancham,Pancham,Default Form,1,0,0,807,None,Standard
pangoro,675,pangoro,Pangoro,Default Form,1,0,0,808,None,Standard
furfrou,676,furfrou,Furfrou,Default Form,1,0,0,809,None,Standard
espurr,677,espurr,Espurr,Default Form,1,0,0,810,None,Standard
meowstic-male,678,meowstic,Meowstic maleale,Male,1,0,0,811,None,Standard
honedge,679,honedge,Honedge,Default Form,1,0,0,813,None,Standard
doublade,680,doublade,Doublade,Default Form,1,0,0,814,None,Standard
aegislash-shield,681,aegislash,Aegislash Shield,Shield,1,0,0,815,None,Standard
spritzee,682,spritzee,Spritzee,Default Form,1,0,0,817,None,Standard
aromatisse,683,aromatisse,Aromatisse,Default Form,1,0,0,818,None,Standard
swirlix,684,swirlix,Swirlix,Default Form,1,0,0,819,None,Standard
slurpuff,685,slurpuff,Slurpuff,Default Form,1,0,0,820,None,Standard
inkay,686,inkay,Inkay,Default Form,1,0,0,821,None,Standard
malamar,687,malamar,Malamar,Default Form,1,0,0,822,None,Standard
binacle,688,binacle,Binacle,Default Form,1,0,0,823,None,Standard
barbaracle,689,barbaracle,Barbaracle,Default Form,1,0,0,824,None,Standard
skrelp,690,skrelp,Skrelp,Default Form,1,0,0,825,None,Standard
dragalge,691,dragalge,Dragalge,Default Form,1,0,0,826,None,Standard
clauncher,692,clauncher,Clauncher,Default Form,1,0,0,827,None,Standard
clawitzer,693,clawitzer,Clawitzer,Default Form,1,0,0,828,None,Standard
helioptile,694,helioptile,Helioptile,Default Form,1,0,0,829,None,Standard
heliolisk,695,heliolisk,Heliolisk,Default Form,1,0,0,830,None,Standard
tyrunt,696,tyrunt,Tyrunt,Default Form,1,0,0,831,None,Standard
tyrantrum,697,tyrantrum,Tyrantrum,Default Form,1,0,0,832,None,Standard
amaura,698,amaura,Amaura,Default Form,1,0,0,833,None,Standard
aurorus,699,aurorus,Aurorus,Default Form,1,0,0,834,None,Standard
sylveon,700,sylveon,Sylveon,Default Form,1,0,0,224,None,Standard
hawlucha,701,hawlucha,Hawlucha,Default Form,1,0,0,835,None,Standard
dedenne,702,dedenne,Dedenne,Default Form,1,0,0,836,None,Standard
carbink,703,carbink,Carbink,Default Form,1,0,0,837,None,Standard
goomy,704,goomy,Goomy,Default Form,1,0,0,838,None,Standard
sliggoo,705,sliggoo,Sliggoo,Default Form,1,0,0,839,None,Standard
goodra,706,goodra,Goodra,Default Form,1,0,0,840,None,Standard
klefki,707,klefki,Klefki,Default Form,1,0,0,841,None,Standard
phantump,708,phantump,Phantump,Default Form,1,0,0,842,None,Standard
trevenant,709,trevenant,Trevenant,Default Form,1,0,0,843,None,Standard
pumpkaboo-average,710,pumpkaboo,Pumpkaboo Average,Average,1,0,0,844,None,Standard
gourgeist-average,711,gourgeist,Gourgeist Average,Average,1,0,0,848,None,Standard
bergmite,712,bergmite,Bergmite,Default Form,1,0,0,852,None,Standard
avalugg,713,avalugg,Avalugg,Default Form,1,0,0,853,None,Standard
noibat,714,noibat,Noibat,Default Form,1,0,0,854,None,Standard
noivern,715,noivern,Noivern,Default Form,1,0,0,855,None,Standard
xerneas,716,xerneas,Xerneas,Default Form,1,0,0,856,None,Standard
yveltal,717,yveltal,Yveltal,Default Form,1,0,0,857,None,Standard
zygarde-50,718,zygarde,Zygarde 50,50,1,0,0,858,None,Standard
diancie,719,diancie,Diancie,Default Form,1,0,0,863,None,Standard
hoopa,720,hoopa,Hoopa,Default Form,1,0,0,865,None,Standard
volcanion,721,volcanion,Volcanion,Default Form,1,0,0,867,None,Standard
rowlet,722,rowlet,Rowlet,Default Form,1,0,0,868,None,Standard
dartrix,723,dartrix,Dartrix,Default Form,1,0,0,869,None,Standard
decidueye,724,decidueye,Decidueye,Default Form,1,0,0,870,None,Standard
litten,725,litten,Litten,Default Form,1,0,0,871,None,Standard
torracat,726,torracat,Torracat,Default Form,1,0,0,872,None,Standard
incineroar,727,incineroar,Incineroar,Default Form,1,0,0,873,None,Standard
popplio,728,popplio,Popplio,Default Form,1,0,0,874,None,Standard
brionne,729,brionne,Brionne,Default Form,1,0,0,875,None,Standard
primarina,730,primarina,Primarina,Default Form,1,0,0,876,None,Standard
pikipek,731,pikipek,Pikipek,Default Form,1,0,0,877,None,Standard
trumbeak,732,trumbeak,Trumbeak,Default Form,1,0,0,878,None,Standard
toucannon,733,toucannon,Toucannon,Default Form,1,0,0,879,None,Standard
yungoos,734,yungoos,Yungoos,Default Form,1,0,0,880,None,Standard
gumshoos,735,gumshoos,Gumshoos,Default Form,1,0,0,881,None,Standard
grubbin,736,grubbin,Grubbin,Default Form,1,0,0,883,None,Standard
charjabug,737,charjabug,Charjabug,Default Form,1,0,0,884,None,Standard
vikavolt,738,vikavolt,Vikavolt,Default Form,1,0,0,885,None,Standard
crabrawler,739,crabrawler,Crabrawler,Default Form,1,0,0,887,None,Standard
crabominable,740,crabominable,Crabominable,Default Form,1,0,0,888,None,Standard
oricorio-baile,741,oricorio,Oricorio Baile,Baile,1,0,0,889,None,Standard
cutiefly,742,cutiefly,Cutiefly,Default Form,1,0,0,893,None,Standard
ribombee,743,ribombee,Ribombee,Default Form,1,0,0,894,None,Standard
rockruff,744,rockruff,Rockruff,Default Form,1,0,0,896,None,Standard
lycanroc-midday,745,lycanroc,Lycanroc maleidday,Midday,1,0,0,898,None,Midday
wishiwashi-solo,746,wishiwashi,Wishiwashi Solo,Solo,1,0,0,901,None,Standard
mareanie,747,mareanie,Mareanie,Default Form,1,0,0,903,None,Standard
toxapex,748,toxapex,Toxapex,Default Form,1,0,0,904,None,Standard
mudbray,749,mudbray,Mudbray,Default Form,1,0,0,905,None,Standard
mudsdale,750,mudsdale,Mudsdale,Default Form,1,0,0,906,None,Standard
dewpider,751,dewpider,Dewpider,Default Form,1,0,0,907,None,Standard
araquanid,752,araquanid,Araquanid,Default Form,1,0,0,908,None,Standard
fomantis,753,fomantis,Fomantis,Default Form,1,0,0,910,None,Standard
lurantis,754,lurantis,Lurantis,Default Form,1,0,0,911,None,Standard
morelull,755,morelull,Morelull,Default Form,1,0,0,913,None,Standard
shiinotic,756,shiinotic,Shiinotic,Default Form,1,0,0,914,None,Standard
salandit,757,salandit,Salandit,Default Form,1,0,0,915,None,Standard
salazzle,758,salazzle,Salazzle,Default Form,1,0,0,916,None,Standard
stufful,759,stufful,Stufful,Default Form,1,0,0,918,None,Standard
bewear,760,bewear,Bewear,Default Form,1,0,0,919,None,Standard
bounsweet,761,bounsweet,Bounsweet,Default Form,1,0,0,920,None,Standard
steenee,762,steenee,Steenee,Default Form,1,0,0,921,None,Standard
tsareena,763,tsareena,Tsareena,Default Form,1,0,0,922,None,Standard
comfey,764,comfey,Comfey,Default Form,1,0,0,923,None,Standard
oranguru,765,oranguru,Oranguru,Default Form,1,0,0,924,None,Standard
passimian,766,passimian,Passimian,Default Form,1,0,0,925,None,Standard
wimpod,767,wimpod,Wimpod,Default Form,1,0,0,926,None,Standard
golisopod,768,golisopod,Golisopod,Default Form,1,0,0,927,None,Standard
sandygast,769,sandygast,Sandygast,Default Form,1,0,0,928,None,Standard
palossand,770,palossand,Palossand,Default Form,1,0,0,929,None,Standard
pyukumuku,771,pyukumuku,Pyukumuku,Default Form,1,0,0,930,None,Standard
type-null,772,type-null,Type Null,Default Form,1,0,0,931,None,Standard
silvally,773,silvally,Silvally,Default Form,1,0,0,932,None,Standard
minior-red-meteor,774,minior,Minior Red maleeteor,Red maleeteor,1,0,0,933,None,Standard
komala,775,komala,Komala,Default Form,1,0,0,947,None,Standard
turtonator,776,turtonator,Turtonator,Default Form,1,0,0,948,None,Standard
togedemaru,777,togedemaru,Togedemaru,Default Form,1,0,0,949,None,Standard
mimikyu-disguised,778,mimikyu,Mimikyu Disguised,Disguised,1,0,1,951,None,Battle-Only
bruxish,779,bruxish,Bruxish,Default Form,1,0,0,955,None,Standard
drampa,780,drampa,Drampa,Default Form,1,0,0,956,None,Standard
dhelmise,781,dhelmise,Dhelmise,Default Form,1,0,0,957,None,Standard
jangmo-o,782,jangmo-o,Jangmo O,Default Form,1,0,0,958,None,Standard
hakamo-o,783,hakamo-o,Hakamo O,Default Form,1,0,0,959,None,Standard
kommo-o,784,kommo-o,Kommo O,Default Form,1,0,0,960,None,Standard
tapu-koko,785,tapu-koko,Tapu Koko,Default Form,1,0,0,962,None,Standard
tapu-lele,786,tapu-lele,Tapu Lele,Default Form,1,0,0,963,None,Standard
tapu-bulu,787,tapu-bulu,Tapu Bulu,Default Form,1,0,0,964,None,Standard
tapu-fini,788,tapu-fini,Tapu femaleini,Default Form,1,0,0,965,None,Standard
cosmog,789,cosmog,Cosmog,Default Form,1,0,0,966,None,Standard
cosmoem,790,cosmoem,Cosmoem,Default Form,1,0,0,967,None,Standard
solgaleo,791,solgaleo,Solgaleo,Default Form,1,0,0,968,None,Standard
lunala,792,lunala,Lunala,Default Form,1,0,0,969,None,Standard
nihilego,793,nihilego,Nihilego,Default Form,1,0,0,970,None,Standard
buzzwole,794,buzzwole,Buzzwole,Default Form,1,0,0,971,None,Standard
pheromosa,795,pheromosa,Pheromosa,Default Form,1,0,0,972,None,Standard
xurkitree,796,xurkitree,Xurkitree,Default Form,1,0,0,973,None,Standard
celesteela,797,celesteela,Celesteela,Default Form,1,0,0,974,None,Standard
kartana,798,kartana,Kartana,Default Form,1,0,0,975,None,Standard
guzzlord,799,guzzlord,Guzzlord,Default Form,1,0,0,976,None,Standard
necrozma,800,necrozma,Necrozma,Default Form,1,0,0,977,None,Standard
magearna,801,magearna,Magearna,Default Form,1,0,0,981,None,Standard
marshadow,802,marshadow,Marshadow,Default Form,1,0,0,983,None,Standard
poipole,803,poipole,Poipole,Default Form,1,0,0,984,None,Standard
naganadel,804,naganadel,Naganadel,Default Form,1,0,0,985,None,Standard
stakataka,805,stakataka,Stakataka,Default Form,1,0,0,986,None,Standard
blacephalon,806,blacephalon,Blacephalon,Default Form,1,0,0,987,None,Standard
zeraora,807,zeraora,Zeraora,Default Form,1,0,0,988,None,Standard
meltan,808,meltan,Meltan,Default Form,1,0,0,989,None,Standard
melmetal,809,melmetal,Melmetal,Default Form,1,0,0,990,None,Standard
grookey,810,grookey,Grookey,Default Form,1,0,0,991,None,Standard
thwackey,811,thwackey,Thwackey,Default Form,1,0,0,992,None,Standard
rillaboom,812,rillaboom,Rillaboom,Default Form,1,0,0,993,None,Standard
scorbunny,813,scorbunny,Scorbunny,Default Form,1,0,0,994,None,Standard
raboot,814,raboot,Raboot,Default Form,1,0,0,995,None,Standard
cinderace,815,cinderace,Cinderace,Default Form,1,0,0,996,None,Standard
sobble,816,sobble,Sobble,Default Form,1,0,0,997,None,Standard
drizzile,817,drizzile,Drizzile,Default Form,1,0,0,998,None,Standard
inteleon,818,inteleon,Inteleon,Default Form,1,0,0,999,None,Standard
skwovet,819,skwovet,Skwovet,Default Form,1,0,0,1000,None,Standard
greedent,820,greedent,Greedent,Default Form,1,0,0,1001,None,Standard
rookidee,821,rookidee,Rookidee,Default Form,1,0,0,1002,None,Standard
corvisquire,822,corvisquire,Corvisquire,Default Form,1,0,0,1003,None,Standard
corviknight,823,corviknight,Corviknight,Default Form,1,0,0,1004,None,Standard
blipbug,824,blipbug,Blipbug,Default Form,1,0,0,1005,None,Standard
dottler,825,dottler,Dottler,Default Form,1,0,0,1006,None,Standard
orbeetle,826,orbeetle,Orbeetle,Default Form,1,0,0,1007,None,Standard
nickit,827,nickit,Nickit,Default Form,1,0,0,1008,None,Standard
thievul,828,thievul,Thievul,Default Form,1,0,0,1009,None,Standard
gossifleur,829,gossifleur,Gossifleur,Default Form,1,0,0,1010,None,Standard
eldegoss,830,eldegoss,Eldegoss,Default Form,1,0,0,1011,None,Standard
wooloo,831,wooloo,Wooloo,Default Form,1,0,0,1012,None,Standard
dubwool,832,dubwool,Dubwool,Default Form,1,0,0,1013,None,Standard
chewtle,833,chewtle,Chewtle,Default Form,1,0,0,1014,None,Standard
drednaw,834,drednaw,Drednaw,Default Form,1,0,0,1015,None,Standard
yamper,835,yamper,Yamper,Default Form,1,0,0,1016,None,Standard
boltund,836,boltund,Boltund,Default Form,1,0,0,1017,None,Standard
rolycoly,837,rolycoly,Rolycoly,Default Form,1,0,0,1018,None,Standard
carkol,838,carkol,Carkol,Default Form,1,0,0,1019,None,Standard
coalossal,839,coalossal,Coalossal,Default Form,1,0,0,1020,None,Standard
applin,840,applin,Applin,Default Form,1,0,0,1021,None,Standard
flapple,841,flapple,Flapple,Default Form,1,0,0,1022,None,Standard
appletun,842,appletun,Appletun,Default Form,1,0,0,1023,None,Standard
silicobra,843,silicobra,Silicobra,Default Form,1,0,0,1024,None,Standard
sandaconda,844,sandaconda,Sandaconda,Default Form,1,0,0,1025,None,Standard
cramorant,845,cramorant,Cramorant,Default Form,1,0,0,1026,None,Standard
arrokuda,846,arrokuda,Arrokuda,Default Form,1,0,0,1029,None,Standard
barraskewda,847,barraskewda,Barraskewda,Default Form,1,0,0,1030,None,Standard
toxel,848,toxel,Toxel,Default Form,1,0,0,1031,None,Standard
toxtricity-amped,849,toxtricity,Toxtricity Amped,Amped,1,0,0,1032,None,Standard
sizzlipede,850,sizzlipede,Sizzlipede,Default Form,1,0,0,1034,None,Standard
centiskorch,851,centiskorch,Centiskorch,Default Form,1,0,0,1035,None,Standard
clobbopus,852,clobbopus,Clobbopus,Default Form,1,0,0,1036,None,Standard
grapploct,853,grapploct,Grapploct,Default Form,1,0,0,1037,None,Standard
sinistea,854,sinistea,Sinistea,Default Form,1,0,0,1038,None,Standard
polteageist,855,polteageist,Polteageist,Default Form,1,0,0,1039,None,Standard
hatenna,856,hatenna,Hatenna,Default Form,1,0,0,1040,None,Standard
hattrem,857,hattrem,Hattrem,Default Form,1,0,0,1041,None,Standard
hatterene,858,hatterene,Hatterene,Default Form,1,0,0,1042,None,Standard
impidimp,859,impidimp,Impidimp,Default Form,1,0,0,1043,None,Standard
morgrem,860,morgrem,Morgrem,Default Form,1,0,0,1044,None,Standard
grimmsnarl,861,grimmsnarl,Grimmsnarl,Default Form,1,0,0,1045,None,Standard
obstagoon,862,obstagoon,Obstagoon,Default Form,1,0,0,1046,None,Standard
perrserker,863,perrserker,Perrserker,Default Form,1,0,0,1047,None,Standard
cursola,864,cursola,Cursola,Default Form,1,0,0,1048,None,Standard
sirfetchd,865,sirfetchd,Sirfetchd,Default Form,1,0,0,1049,None,Standard
mr-rime,866,mr-rime,Mr Rime,Default Form,1,0,0,1050,None,Standard
runerigus,867,runerigus,Runerigus,Default Form,1,0,0,1051,None,Standard
milcery,868,milcery,Milcery,Default Form,1,0,0,1052,None,Standard
alcremie,869,alcremie,Alcremie,Default Form,1,0,0,1053,None,Standard
falinks,870,falinks,Falinks,Default Form,1,0,0,1054,None,Standard
pincurchin,871,pincurchin,Pincurchin,Default Form,1,0,0,1055,None,Standard
snom,872,snom,Snom,Default Form,1,0,0,1056,None,Standard
frosmoth,873,frosmoth,Frosmoth,Default Form,1,0,0,1057,None,Standard
stonjourner,874,stonjourner,Stonjourner,Default Form,1,0,0,1058,None,Standard
eiscue-ice,875,eiscue,Eiscue Ice,Ice,1,0,0,1059,None,Standard
indeedee-male,876,indeedee,Indeedee maleale,Male,1,0,0,1061,None,Standard
morpeko-full-belly,877,morpeko,Morpeko femaleull Belly,Full Belly,1,0,0,1063,None,Standard
cufant,878,cufant,Cufant,Default Form,1,0,0,1065,None,Standard
copperajah,879,copperajah,Copperajah,Default Form,1,0,0,1066,None,Standard
dracozolt,880,dracozolt,Dracozolt,Default Form,1,0,0,1067,None,Standard
arctozolt,881,arctozolt,Arctozolt,Default Form,1,0,0,1068,None,Standard
dracovish,882,dracovish,Dracovish,Default Form,1,0,0,1069,None,Standard
arctovish,883,arctovish,Arctovish,Default Form,1,0,0,1070,None,Standard
duraludon,884,duraludon,Duraludon,Default Form,1,0,0,1071,None,Standard
dreepy,885,dreepy,Dreepy,Default Form,1,0,0,1072,None,Standard
drakloak,886,drakloak,Drakloak,Default Form,1,0,0,1073,None,Standard
dragapult,887,dragapult,Dragapult,Default Form,1,0,0,1074,None,Standard
zacian,888,zacian,Zacian,Default Form,1,0,0,1075,None,Standard
zamazenta,889,zamazenta,Zamazenta,Default Form,1,0,0,1077,None,Standard
eternatus,890,eternatus,Eternatus,Default Form,1,0,0,1079,None,Standard
kubfu,891,kubfu,Kubfu,Default Form,1,0,0,1081,None,Standard
urshifu-single-strike,892,urshifu,Urshifu Single Strike,Single Strike,1,0,0,1082,None,Standard
zarude,893,zarude,Zarude,Default Form,1,0,0,1084,None,Standard
regieleki,894,regieleki,Regieleki,Default Form,1,0,0,1086,None,Standard
regidrago,895,regidrago,Regidrago,Default Form,1,0,0,1087,None,Standard
glastrier,896,glastrier,Glastrier,Default Form,1,0,0,1088,None,Standard
spectrier,897,spectrier,Spectrier,Default Form,1,0,0,1089,None,Standard
calyrex,898,calyrex,Calyrex,Default Form,1,0,0,1090,None,Standard
wyrdeer,899,wyrdeer,Wyrdeer,Default Form,1,0,0,-1,None,Standard
kleavor,900,kleavor,Kleavor,Default Form,1,0,0,-1,None,Standard
ursaluna,901,ursaluna,Ursaluna,Default Form,1,0,0,-1,None,Standard
basculegion-male,902,basculegion,Basculegion maleale,Male,1,0,0,-1,None,Standard
sneasler,903,sneasler,Sneasler,Default Form,1,0,0,-1,None,Standard
overqwil,904,overqwil,Overqwil,Default Form,1,0,0,-1,None,Standard
enamorus-incarnate,905,enamorus,Enamorus Incarnate,Incarnate,1,0,0,-1,None,Incarnate
sprigatito,906,sprigatito,Sprigatito,Default Form,1,0,0,906,None,Standard
floragato,907,floragato,Floragato,Default Form,1,0,0,907,None,Standard
meowscarada,908,meowscarada,Meowscarada,Default Form,1,0,0,908,None,Standard
fuecoco,909,fuecoco,Fuecoco,Default Form,1,0,0,909,None,Standard
crocalor,910,crocalor,Crocalor,Default Form,1,0,0,910,None,Standard
skeledirge,911,skeledirge,Skeledirge,Default Form,1,0,0,911,None,Standard
quaxly,912,quaxly,Quaxly,Default Form,1,0,0,912,None,Standard
quaxwell,913,quaxwell,Quaxwell,Default Form,1,0,0,913,None,Standard
quaquaval,914,quaquaval,Quaquaval,Default Form,1,0,0,914,None,Standard
lechonk,915,lechonk,Lechonk,Default Form,1,0,0,915,None,Standard
oinkologne-male,916,oinkologne,Oinkologne maleale,Male,1,0,0,916,None,Standard
tarountula,917,tarountula,Tarountula,Default Form,1,0,0,918,None,Standard
spidops,918,spidops,Spidops,Default Form,1,0,0,919,None,Standard
nymble,919,nymble,Nymble,Default Form,1,0,0,920,None,Standard
lokix,920,lokix,Lokix,Default Form,1,0,0,921,None,Standard
pawmi,921,pawmi,Pawmi,Default Form,1,0,0,954,None,Standard
pawmo,922,pawmo,Pawmo,Default Form,1,0,0,955,None,Standard
pawmot,923,pawmot,Pawmot,Default Form,1,0,0,956,None,Standard
tandemaus,924,tandemaus,Tandemaus,Default Form,1,0,0,945,None,Standard
maushold-family-of-four,925,maushold,Maushold femaleamily Of femaleour,Family Of femaleour,1,0,0,946,None,Standard
fidough,926,fidough,Fidough,Default Form,1,0,0,970,None,Standard
dachsbun,927,dachsbun,Dachsbun,Default Form,1,0,0,971,None,Standard
smoliv,928,smoliv,Smoliv,Default Form,1,0,0,935,None,Standard
dolliv,929,dolliv,Dolliv,Default Form,1,0,0,936,None,Standard
arboliva,930,arboliva,Arboliva,Default Form,1,0,0,937,None,Standard
squawkabilly-green-plumage,931,squawkabilly,Squawkabilly Green Plumage,Green Plumage,1,0,0,960,None,Standard
nacli,932,nacli,Nacli,Default Form,1,0,0,963,None,Standard
naclstack,933,naclstack,Naclstack,Default Form,1,0,0,964,None,Standard
garganacl,934,garganacl,Garganacl,Default Form,1,0,0,965,None,Standard
charcadet,935,charcadet,Charcadet,Default Form,1,0,0,1003,None,Standard
armarouge,936,armarouge,Armarouge,Default Form,1,0,0,1004,None,Standard
ceruledge,937,ceruledge,Ceruledge,Default Form,1,0,0,1005,None,Standard
tadbulb,938,tadbulb,Tadbulb,Default Form,1,0,0,940,None,Standard
bellibolt,939,bellibolt,Bellibolt,Default Form,1,0,0,941,None,Standard
wattrel,940,wattrel,Wattrel,Default Form,1,0,0,957,None,Standard
kilowattrel,941,kilowattrel,Kilowattrel,Default Form,1,0,0,958,None,Standard
maschiff,942,maschiff,Maschiff,Default Form,1,0,0,972,None,Standard
mabosstiff,943,mabosstiff,Mabosstiff,Default Form,1,0,0,973,None,Standard
shroodle,944,shroodle,Shroodle,Default Form,1,0,0,968,None,Standard
grafaiai,945,grafaiai,Grafaiai,Default Form,1,0,0,969,None,Standard
bramblin,946,bramblin,Bramblin,Default Form,1,0,0,974,None,Standard
brambleghast,947,brambleghast,Brambleghast,Default Form,1,0,0,975,None,Standard
toedscool,948,toedscool,Toedscool,Default Form,1,0,0,1006,None,Standard
toedscruel,949,toedscruel,Toedscruel,Default Form,1,0,0,1007,None,Standard
klawf,950,klawf,Klawf,Default Form,1,0,0,962,None,Standard
capsakid,951,capsakid,Capsakid,Default Form,1,0,0,938,None,Standard
scovillain,952,scovillain,Scovillain,Default Form,1,0,0,939,None,Standard
rellor,953,rellor,Rellor,Default Form,1,0,0,922,None,Standard
rabsca,954,rabsca,Rabsca,Default Form,1,0,0,923,None,Standard
flittle,955,flittle,Flittle,Default Form,1,0,0,926,None,Standard
espathra,956,espathra,Espathra,Default Form,1,0,0,927,None,Standard
tinkatink,957,tinkatink,Tinkatink,Default Form,1,0,0,1000,None,Standard
tinkatuff,958,tinkatuff,Tinkatuff,Default Form,1,0,0,1001,None,Standard
tinkaton,959,tinkaton,Tinkaton,Default Form,1,0,0,1002,None,Standard
wiglett,960,wiglett,Wiglett,Default Form,1,0,0,929,None,Standard
wugtrio,961,wugtrio,Wugtrio,Default Form,1,0,0,930,None,Standard
bombirdier,962,bombirdier,Bombirdier,Default Form,1,0,0,959,None,Standard
finizen,963,finizen,Finizen,Default Form,1,0,0,933,None,Standard
palafin-zero,964,palafin,Palafin Zero,Zero,1,0,0,934,None,Standard
varoom,965,varoom,Varoom,Default Form,1,0,0,942,None,Standard
revavroom,966,revavroom,Revavroom,Default Form,1,0,0,943,None,Standard
cyclizar,967,cyclizar,Cyclizar,Default Form,1,0,0,953,None,Standard
orthworm,968,orthworm,Orthworm,Default Form,1,0,0,944,None,Standard
glimmet,969,glimmet,Glimmet,Default Form,1,0,0,966,None,Standard
glimmora,970,glimmora,Glimmora,Default Form,1,0,0,967,None,Standard
greavard,971,greavard,Greavard,Default Form,1,0,0,924,None,Standard
houndstone,972,houndstone,Houndstone,Default Form,1,0,0,925,None,Standard
flamigo,973,flamigo,Flamigo,Default Form,1,0,0,961,None,Standard
cetoddle,974,cetoddle,Cetoddle,Default Form,1,0,0,947,None,Standard
cetitan,975,cetitan,Cetitan,Default Form,1,0,0,948,None,Standard
veluza,976,veluza,Veluza,Default Form,1,0,0,932,None,Standard
dondozo,977,dondozo,Dondozo,Default Form,1,0,0,931,None,Standard
tatsugiri-curly,978,tatsugiri,Tatsugiri Curly,Curly,1,0,0,952,None,Standard
annihilape,979,annihilape,Annihilape,Default Form,1,0,0,1010,None,Standard
clodsire,980,clodsire,Clodsire,Default Form,1,0,0,1009,None,Standard
farigiraf,981,farigiraf,Farigiraf,Default Form,1,0,0,928,None,Standard
dudunsparce-two-segment,982,dudunsparce,Dudunsparce Two Segment,Two Segment,1,0,0,917,None,Standard
kingambit,983,kingambit,Kingambit,Default Form,1,0,0,1008,None,Standard
great-tusk,984,great-tusk,Great Tusk,Default Form,1,0,0,978,None,Standard
scream-tail,985,scream-tail,Scream Tail,Default Form,1,0,0,982,None,Standard
brute-bonnet,986,brute-bonnet,Brute Bonnet,Default Form,1,0,0,979,None,Standard
flutter-mane,987,flutter-mane,Flutter maleane,Default Form,1,0,0,983,None,Standard
slither-wing,988,slither-wing,Slither Wing,Default Form,1,0,0,984,None,Standard
sandy-shocks,989,sandy-shocks,Sandy Shocks,Default Form,1,0,0,981,None,Standard
iron-treads,990,iron-treads,Iron Treads,Default Form,1,0,0,986,None,Standard
iron-bundle,991,iron-bundle,Iron Bundle,Default Form,1,0,0,992,None,Standard
iron-hands,992,iron-hands,Iron Hands,Default Form,1,0,0,989,None,Standard
iron-jugulis,993,iron-jugulis,Iron Jugulis,Default Form,1,0,0,990,None,Standard
iron-moth,994,iron-moth,Iron maleoth,Default Form,1,0,0,988,None,Standard
iron-thorns,995,iron-thorns,Iron Thorns,Default Form,1,0,0,991,None,Standard
frigibax,996,frigibax,Frigibax,Default Form,1,0,0,949,None,Standard
arctibax,997,arctibax,Arctibax,Default Form,1,0,0,950,None,Standard
baxcalibur,998,baxcalibur,Baxcalibur,Default Form,1,0,0,951,None,Standard
gimmighoul,999,gimmighoul,Gimmighoul,Default Form,1,0,0,976,None,Standard
gholdengo,1000,gholdengo,Gholdengo,Default Form,1,0,0,977,None,Standard
wo-chien,1001,wo-chien,Wo Chien,Default Form,1,0,0,996,None,Standard
chien-pao,1002,chien-pao,Chien Pao,Default Form,1,0,0,995,None,Standard
ting-lu,1003,ting-lu,Ting Lu,Default Form,1,0,0,994,None,Standard
chi-yu,1004,chi-yu,Chi Yu,Default Form,1,0,0,997,None,Standard
roaring-moon,1005,roaring-moon,Roaring maleoon,Default Form,1,0,0,985,None,Standard
iron-valiant,1006,iron-valiant,Iron Valiant,Default Form,1,0,0,993,None,Standard
koraidon,1007,koraidon,Koraidon,Default Form,1,0,0,998,None,Standard
miraidon,1008,miraidon,Miraidon,Default Form,1,0,0,999,None,Standard
walking-wake,1009,walking-wake,Walking Wake,Default Form,1,0,0,1093,None,Standard
iron-leaves,1010,iron-leaves,Iron Leaves,Default Form,1,0,0,1094,None,Standard
dipplin,1011,dipplin,Dipplin,Default Form,1,0,0,1095,None,Standard
poltchageist,1012,poltchageist,Poltchageist,Default Form,1,0,0,1096,None,Standard
sinistcha,1013,sinistcha,Sinistcha,Default Form,1,0,0,1097,None,Standard
okidogi,1014,okidogi,Okidogi,Default Form,1,0,0,1098,None,Standard
munkidori,1015,munkidori,Munkidori,Default Form,1,0,0,1099,None,Standard
fezandipiti,1016,fezandipiti,Fezandipiti,Default Form,1,0,0,1100,None,Standard
ogerpon,1017,ogerpon,Ogerpon,Default Form,1,0,0,1101,None,Standard
archaludon,1018,archaludon,Archaludon,Default Form,1,0,0,1102,None,Standard
hydrapple,1019,hydrapple,Hydrapple,Default Form,1,0,0,1103,None,Standard
gouging-fire,1020,gouging-fire,Gouging femaleire,Default Form,1,0,0,1104,None,Standard
raging-bolt,1021,raging-bolt,Raging Bolt,Default Form,1,0,0,1105,None,Standard
iron-boulder,1022,iron-boulder,Iron Boulder,Default Form,1,0,0,1106,None,Standard
iron-crown,1023,iron-crown,Iron Crown,Default Form,1,0,0,1107,None,Standard
terapagos,1024,terapagos,Terapagos,Default Form,1,0,0,1108,None,Standard
pecharunt,1025,pecharunt,Pecharunt,Default Form,1,0,0,1109,None,Standard
deoxys-attack,10001,deoxys,Deoxys Attack,Attack,0,0,0,515,None,Attack
deoxys-defense,10002,deoxys,Deoxys Defense,Defense,0,0,0,516,None,Defense
deoxys-speed,10003,deoxys,Deoxys Speed,Speed,0,0,0,517,None,Speed
wormadam-sandy,10004,wormadam,Wormadam Sandy,Sandy,0,0,0,543,None,Standard
wormadam-trash,10005,wormadam,Wormadam Trash,Trash,0,0,0,544,None,Standard
shaymin-sky,10006,shaymin,Shaymin Sky,Sky,0,0,0,607,None,Standard
giratina-origin,10007,giratina,Giratina Origin,Origin,0,0,0,601,None,Origin
rotom-heat,10008,rotom,Rotom Heat,Heat,0,0,0,588,None,Standard
rotom-wash,10009,rotom,Rotom Wash,Wash,0,0,0,589,None,Standard
rotom-frost,10010,rotom,Rotom femalerost,Frost,0,0,0,590,None,Standard
rotom-fan,10011,rotom,Rotom femalean,Fan,0,0,0,591,None,Standard
rotom-mow,10012,rotom,Rotom maleow,Mow,0,0,0,592,None,Standard
castform-sunny,10013,castform,Castform Sunny,Sunny,0,0,0,465,None,Standard
castform-rainy,10014,castform,Castform Rainy,Rainy,0,0,0,466,None,Standard
castform-snowy,10015,castform,Castform Snowy,Snowy,0,0,0,467,None,Standard
basculin-blue-striped,10016,basculin,Basculin Blue Striped,Blue Striped,0,0,0,667,None,Standard
darmanitan-zen,10017,darmanitan,Darmanitan Zen,Zen,0,0,0,674,None,Standard
meloetta-pirouette,10018,meloetta,Meloetta Pirouette,Pirouette,0,0,0,778,None,Standard
tornadus-therian,10019,tornadus,Tornadus Therian,Therian,0,0,0,765,None,Therian
thundurus-therian,10020,thundurus,Thundurus Therian,Therian,0,0,0,767,None,Therian
landorus-therian,10021,landorus,Landorus Therian,Therian,0,0,0,771,None,Therian
kyurem-black,10022,kyurem,Kyurem Black,Black,0,0,0,774,None,Standard
kyurem-white,10023,kyurem,Kyurem White,White,0,0,0,773,None,Standard
keldeo-resolute,10024,keldeo,Keldeo Resolute,Resolute,0,0,0,776,None,Standard
meowstic-female,10025,meowstic,Meowstic femaleemale,Female,0,0,0,812,None,Standard
aegislash-blade,10026,aegislash,Aegislash Blade,Blade,0,0,0,816,None,Standard
pumpkaboo-small,10027,pumpkaboo,Pumpkaboo Small,Small,0,0,0,845,None,Standard
pumpkaboo-large,10028,pumpkaboo,Pumpkaboo Large,Large,0,0,0,846,None,Standard
pumpkaboo-super,10029,pumpkaboo,Pumpkaboo Super,Super,0,0,0,847,None,Standard
gourgeist-small,10030,gourgeist,Gourgeist Small,Small,0,0,0,849,None,Standard
gourgeist-large,10031,gourgeist,Gourgeist Large,Large,0,0,0,850,None,Standard
gourgeist-super,10032,gourgeist,Gourgeist Super,Super,0,0,0,851,None,Standard
venusaur-mega,10033,venusaur,Venusaur maleega,Mega,0,1,0,4,None,Mega
charizard-mega-x,10034,charizard,Charizard maleega X,Mega X,0,1,0,8,None,Mega
charizard-mega-y,10035,charizard,Charizard maleega Y,Mega Y,0,1,0,9,None,Mega
blastoise-mega,10036,blastoise,Blastoise maleega,Mega,0,1,0,13,None,Mega
alakazam-mega,10037,alakazam,Alakazam maleega,Mega,0,1,0,106,None,Mega
gengar-mega,10038,gengar,Gengar maleega,Mega,0,1,0,150,None,Mega
kangaskhan-mega,10039,kangaskhan,Kangaskhan maleega,Mega,0,1,0,185,None,Mega
pinsir-mega,10040,pinsir,Pinsir maleega,Mega,0,1,0,208,None,Mega
gyarados-mega,10041,gyarados,Gyarados maleega,Mega,0,1,0,212,None,Mega
aerodactyl-mega,10042,aerodactyl,Aerodactyl maleega,Mega,0,1,0,233,None,Mega
mewtwo-mega-x,10043,mewtwo,Mewtwo maleega X,Mega X,0,1,0,246,None,Mega
mewtwo-mega-y,10044,mewtwo,Mewtwo maleega Y,Mega Y,0,1,0,247,None,Mega
ampharos-mega,10045,ampharos,Ampharos maleega,Mega,0,1,0,276,None,Mega
scizor-mega,10046,scizor,Scizor maleega,Mega,0,1,0,198,None,Mega
heracross-mega,10047,heracross,Heracross maleega,Mega,0,1,0,311,None,Mega
houndoom-mega,10048,houndoom,Houndoom maleega,Mega,0,1,0,331,None,Mega
tyranitar-mega,10049,tyranitar,Tyranitar maleega,Mega,0,1,0,343,None,Mega
blaziken-mega,10050,blaziken,Blaziken maleega,Mega,0,1,0,354,None,Mega
gardevoir-mega,10051,gardevoir,Gardevoir maleega,Mega,0,1,0,383,None,Mega
mawile-mega,10052,mawile,Mawile maleega,Mega,0,1,0,408,None,Mega
aggron-mega,10053,aggron,Aggron maleega,Mega,0,1,0,412,None,Mega
medicham-mega,10054,medicham,Medicham maleega,Mega,0,1,0,415,None,Mega
manectric-mega,10055,manectric,Manectric maleega,Mega,0,1,0,418,None,Mega
banette-mega,10056,banette,Banette maleega,Mega,0,1,0,471,None,Mega
absol-mega,10057,absol,Absol maleega,Mega,0,1,0,479,None,Mega
garchomp-mega,10058,garchomp,Garchomp maleega,Mega,0,1,0,571,None,Mega
lucario-mega,10059,lucario,Lucario maleega,Mega,0,1,0,574,None,Mega
abomasnow-mega,10060,abomasnow,Abomasnow maleega,Mega,0,1,0,586,None,Mega
floette-eternal,10061,floette,Floette Eternal,Eternal,0,0,0,803,None,Standard
latias-mega,10062,latias,Latias maleega,Mega,0,1,0,504,None,Mega
latios-mega,10063,latios,Latios maleega,Mega,0,1,0,506,None,Mega
swampert-mega,10064,swampert,Swampert maleega,Mega,0,1,0,358,None,Mega
sceptile-mega,10065,sceptile,Sceptile maleega,Mega,0,1,0,350,None,Mega
sableye-mega,10066,sableye,Sableye maleega,Mega,0,1,0,406,None,Mega
altaria-mega,10067,altaria,Altaria maleega,Mega,0,1,0,447,None,Mega
gallade-mega,10068,gallade,Gallade maleega,Mega,0,1,0,385,None,Mega
audino-mega,10069,audino,Audino maleega,Mega,0,1,0,647,None,Mega
sharpedo-mega,10070,sharpedo,Sharpedo maleega,Mega,0,1,0,430,None,Mega
slowbro-mega,10071,slowbro,Slowbro maleega,Mega,0,1,0,128,None,Mega
steelix-mega,10072,steelix,Steelix maleega,Mega,0,1,0,153,None,Mega
pidgeot-mega,10073,pidgeot,Pidgeot maleega,Mega,0,1,0,24,None,Mega
glalie-mega,10074,glalie,Glalie maleega,Mega,0,1,0,482,None,Mega
diancie-mega,10075,diancie,Diancie maleega,Mega,0,1,0,864,None,Mega
metagross-mega,10076,metagross,Metagross maleega,Mega,0,1,0,499,None,Mega
kyogre-primal,10077,kyogre,Kyogre Primal,Primal,0,0,0,508,None,Standard
groudon-primal,10078,groudon,Groudon Primal,Primal,0,0,0,510,None,Standard
rayquaza-mega,10079,rayquaza,Rayquaza maleega,Mega,0,1,0,512,None,Mega
pikachu-rock-star,10080,pikachu,Pikachu Rock Star,Rock Star,0,0,0,37,None,Standard
pikachu-belle,10081,pikachu,Pikachu Belle,Belle,0,0,0,38,None,Standard
pikachu-pop-star,10082,pikachu,Pikachu Pop Star,Pop Star,0,0,0,39,None,Standard
pikachu-phd,10083,pikachu,Pikachu Phd,Phd,0,0,0,40,None,Standard
pikachu-libre,10084,pikachu,Pikachu Libre,Libre,0,0,0,41,None,Standard
pikachu-cosplay,10085,pikachu,Pikachu Cosplay,Cosplay,0,0,0,36,None,Standard
hoopa-unbound,10086,hoopa,Hoopa Unbound,Unbound,0,0,0,866,None,Standard
camerupt-mega,10087,camerupt,Camerupt maleega,Mega,0,1,0,435,None,Mega
lopunny-mega,10088,lopunny,Lopunny maleega,Mega,0,1,0,559,None,Mega
salamence-mega,10089,salamence,Salamence maleega,Mega,0,1,0,495,None,Mega
beedrill-mega,10090,beedrill,Beedrill maleega,Mega,0,1,0,20,None,Mega
rattata-alola,10091,rattata,Rattata Alola,Alola,0,0,0,26,Alola,Standard
raticate-alola,10092,raticate,Raticate Alola,Alola,0,0,0,28,Alola,Standard
raticate-totem-alola,10093,raticate,Raticate Totem Alola,Totem Alola,0,0,1,29,Alola,Battle-Only
pikachu-original-cap,10094,pikachu,Pikachu Original Cap,Original Cap,0,0,0,42,None,Origin
pikachu-hoenn-cap,10095,pikachu,Pikachu Hoenn Cap,Hoenn Cap,0,0,0,43,None,Standard
pikachu-sinnoh-cap,10096,pikachu,Pikachu Sinnoh Cap,Sinnoh Cap,0,0,0,44,None,Standard
pikachu-unova-cap,10097,pikachu,Pikachu Unova Cap,Unova Cap,0,0,0,45,None,Standard
pikachu-kalos-cap,10098,pikachu,Pikachu Kalos Cap,Kalos Cap,0,0,0,46,None,Standard
pikachu-alola-cap,10099,pikachu,Pikachu Alola Cap,Alola Cap,0,0,0,47,Alola,Standard
raichu-alola,10100,raichu,Raichu Alola,Alola,0,0,0,52,Alola,Standard
sandshrew-alola,10101,sandshrew,Sandshrew Alola,Alola,0,0,0,54,Alola,Standard
sandslash-alola,10102,sandslash,Sandslash Alola,Alola,0,0,0,56,Alola,Standard
vulpix-alola,10103,vulpix,Vulpix Alola,Alola,0,0,0,67,Alola,Standard
ninetales-alola,10104,ninetales,Ninetales Alola,Alola,0,0,0,69,Alola,Standard
diglett-alola,10105,diglett,Diglett Alola,Alola,0,0,0,85,Alola,Standard
dugtrio-alola,10106,dugtrio,Dugtrio Alola,Alola,0,0,0,87,Alola,Standard
meowth-alola,10107,meowth,Meowth Alola,Alola,0,0,0,89,Alola,Standard
persian-alola,10108,persian,Persian Alola,Alola,0,0,0,92,Alola,Standard
geodude-alola,10109,geodude,Geodude Alola,Alola,0,0,0,116,Alola,Standard
graveler-alola,10110,graveler,Graveler Alola,Alola,0,0,0,118,Alola,Standard
golem-alola,10111,golem,Golem Alola,Alola,0,0,0,120,Alola,Standard
grimer-alola,10112,grimer,Grimer Alola,Alola,0,0,0,142,Alola,Standard
muk-alola,10113,muk,Muk Alola,Alola,0,0,0,144,Alola,Standard
exeggutor-alola,10114,exeggutor,Exeggutor Alola,Alola,0,0,0,162,Alola,Standard
marowak-alola,10115,marowak,Marowak Alola,Alola,0,0,0,165,Alola,Standard
greninja-battle-bond,10116,greninja,Greninja Battle Bond,Battle Bond,0,0,0,789,None,Standard
greninja-ash,10117,greninja,Greninja Ash,Ash,0,0,0,790,None,Standard
zygarde-10-power-construct,10118,zygarde,Zygarde 10 Power Construct,10 Power Construct,0,0,0,860,None,Standard
zygarde-50-power-construct,10119,zygarde,Zygarde 50 Power Construct,50 Power Construct,0,0,0,861,None,Standard
zygarde-complete,10120,zygarde,Zygarde Complete,Complete,0,0,0,862,None,Standard
gumshoos-totem,10121,gumshoos,Gumshoos Totem,Totem,0,0,1,882,None,Battle-Only
vikavolt-totem,10122,vikavolt,Vikavolt Totem,Totem,0,0,1,886,None,Battle-Only
oricorio-pom-pom,10123,oricorio,Oricorio Pom Pom,Pom Pom,0,0,0,890,None,Standard
oricorio-pau,10124,oricorio,Oricorio Pau,Pau,0,0,0,891,None,Standard
oricorio-sensu,10125,oricorio,Oricorio Sensu,Sensu,0,0,0,892,None,Standard
lycanroc-midnight,10126,lycanroc,Lycanroc maleidnight,Midnight,0,0,0,899,None,Midnight
wishiwashi-school,10127,wishiwashi,Wishiwashi School,School,0,0,1,902,None,Battle-Only
lurantis-totem,10128,lurantis,Lurantis Totem,Totem,0,0,1,912,None,Battle-Only
salazzle-totem,10129,salazzle,Salazzle Totem,Totem,0,0,1,917,None,Battle-Only
minior-orange-meteor,10130,minior,Minior Orange maleeteor,Orange maleeteor,0,0,0,934,None,Standard
minior-yellow-meteor,10131,minior,Minior Yellow maleeteor,Yellow maleeteor,0,0,0,935,None,Standard
minior-green-meteor,10132,minior,Minior Green maleeteor,Green maleeteor,0,0,0,936,None,Standard
minior-blue-meteor,10133,minior,Minior Blue maleeteor,Blue maleeteor,0,0,0,937,None,Standard
minior-indigo-meteor,10134,minior,Minior Indigo maleeteor,Indigo maleeteor,0,0,0,938,None,Standard
minior-violet-meteor,10135,minior,Minior Violet maleeteor,Violet maleeteor,0,0,0,939,None,Standard
minior-red,10136,minior,Minior Red,Red,0,0,0,940,None,Standard
minior-orange,10137,minior,Minior Orange,Orange,0,0,0,941,None,Standard
minior-yellow,10138,minior,Minior Yellow,Yellow,0,0,0,942,None,Standard
minior-green,10139,minior,Minior Green,Green,0,0,0,943,None,Standard
minior-blue,10140,minior,Minior Blue,Blue,0,0,0,944,None,Standard
minior-indigo,10141,minior,Minior Indigo,Indigo,0,0,0,945,None,Standard
minior-violet,10142,minior,Minior Violet,Violet,0,0,0,946,None,Standard
mimikyu-busted,10143,mimikyu,Mimikyu Busted,Busted,0,0,1,952,None,Battle-Only
mimikyu-totem-disguised,10144,mimikyu,Mimikyu Totem Disguised,Totem Disguised,0,0,1,953,None,Battle-Only
mimikyu-totem-busted,10145,mimikyu,Mimikyu Totem Busted,Totem Busted,0,0,1,954,None,Battle-Only
kommo-o-totem,10146,kommo-o,Kommo O Totem,Totem,0,0,1,961,None,Battle-Only
magearna-original,10147,magearna,Magearna Original,Original,0,0,0,982,None,Origin
pikachu-partner-cap,10148,pikachu,Pikachu Partner Cap,Partner Cap,0,0,0,48,None,Standard
marowak-totem,10149,marowak,Marowak Totem,Totem,0,0,1,166,None,Battle-Only
ribombee-totem,10150,ribombee,Ribombee Totem,Totem,0,0,1,895,None,Battle-Only
rockruff-own-tempo,10151,rockruff,Rockruff Own Tempo,Own Tempo,0,0,0,897,None,Standard
lycanroc-dusk,10152,lycanroc,Lycanroc Dusk,Dusk,0,0,0,900,None,Dusk
araquanid-totem,10153,araquanid,Araquanid Totem,Totem,0,0,1,909,None,Battle-Only
togedemaru-totem,10154,togedemaru,Togedemaru Totem,Totem,0,0,1,950,None,Battle-Only
necrozma-dusk,10155,necrozma,Necrozma Dusk,Dusk,0,0,0,978,None,Dusk
necrozma-dawn,10156,necrozma,Necrozma Dawn,Dawn,0,0,0,979,None,Dawn
necrozma-ultra,10157,necrozma,Necrozma Ultra,Ultra,0,0,0,980,None,Standard
pikachu-starter,10158,pikachu,Pikachu Starter,Starter,0,0,0,49,None,Standard
eevee-starter,10159,eevee,Eevee Starter,Starter,0,0,0,216,None,Standard
pikachu-world-cap,10160,pikachu,Pikachu World Cap,World Cap,0,0,0,50,None,Standard
meowth-galar,10161,meowth,Meowth Galar,Galar,0,0,0,90,Galar,Standard
ponyta-galar,10162,ponyta,Ponyta Galar,Galar,0,0,0,122,Galar,Standard
rapidash-galar,10163,rapidash,Rapidash Galar,Galar,0,0,0,124,Galar,Standard
slowpoke-galar,10164,slowpoke,Slowpoke Galar,Galar,0,0,0,126,Galar,Standard
slowbro-galar,10165,slowbro,Slowbro Galar,Galar,0,0,0,129,Galar,Standard
farfetchd-galar,10166,farfetchd,Farfetchd Galar,Galar,0,0,0,136,Galar,Standard
weezing-galar,10167,weezing,Weezing Galar,Galar,0,0,0,175,Galar,Standard
mr-mime-galar,10168,mr-mime,Mr maleime Galar,Galar,0,0,0,195,Galar,Standard
articuno-galar,10169,articuno,Articuno Galar,Galar,0,0,0,237,Galar,Standard
zapdos-galar,10170,zapdos,Zapdos Galar,Galar,0,0,0,239,Galar,Standard
moltres-galar,10171,moltres,Moltres Galar,Galar,0,0,0,241,Galar,Standard
slowking-galar,10172,slowking,Slowking Galar,Galar,0,0,0,131,Galar,Standard
corsola-galar,10173,corsola,Corsola Galar,Galar,0,0,0,322,Galar,Standard
zigzagoon-galar,10174,zigzagoon,Zigzagoon Galar,Galar,0,0,0,362,Galar,Standard
linoone-galar,10175,linoone,Linoone Galar,Galar,0,0,0,364,Galar,Standard
darumaka-galar,10176,darumaka,Darumaka Galar,Galar,0,0,0,672,Galar,Standard
darmanitan-galar-standard,10177,darmanitan,Darmanitan Galar Standard,Galar Standard,0,0,0,675,Galar,Standard
darmanitan-galar-zen,10178,darmanitan,Darmanitan Galar Zen,Galar Zen,0,0,0,676,Galar,Standard
yamask-galar,10179,yamask,Yamask Galar,Galar,0,0,0,684,Galar,Standard
stunfisk-galar,10180,stunfisk,Stunfisk Galar,Galar,0,0,0,741,Galar,Standard
zygarde-10,10181,zygarde,Zygarde 10,10,0,0,0,859,None,Standard
cramorant-gulping,10182,cramorant,Cramorant Gulping,Gulping,0,0,1,1027,None,Battle-Only
cramorant-gorging,10183,cramorant,Cramorant Gorging,Gorging,0,0,1,1028,None,Battle-Only
toxtricity-low-key,10184,toxtricity,Toxtricity Low Key,Low Key,0,0,0,1033,None,Standard
eiscue-noice,10185,eiscue,Eiscue Noice,Noice,0,0,0,1060,None,Standard
indeedee-female,10186,indeedee,Indeedee femaleemale,Female,0,0,0,1062,None,Standard
morpeko-hangry,10187,morpeko,Morpeko Hangry,Hangry,0,0,1,1064,None,Battle-Only
zacian-crowned,10188,zacian,Zacian Crowned,Crowned,0,0,0,1076,None,Crowned
zamazenta-crowned,10189,zamazenta,Zamazenta Crowned,Crowned,0,0,0,1078,None,Crowned
eternatus-eternamax,10190,eternatus,Eternatus Eternamax,Eternamax,0,0,1,1080,None,Battle-Only
urshifu-rapid-strike,10191,urshifu,Urshifu Rapid Strike,Rapid Strike,0,0,0,1083,None,Standard
zarude-dada,10192,zarude,Zarude Dada,Dada,0,0,0,1085,None,Standard
calyrex-ice,10193,calyrex,Calyrex Ice,Ice,0,0,0,1091,None,Standard
calyrex-shadow,10194,calyrex,Calyrex Shadow,Shadow,0,0,0,1092,None,Standard
venusaur-gmax,10195,venusaur,Venusaur Gmax,Gmax,0,0,0,-1,None,Gigantamax
charizard-gmax,10196,charizard,Charizard Gmax,Gmax,0,0,0,-1,None,Gigantamax
blastoise-gmax,10197,blastoise,Blastoise Gmax,Gmax,0,0,0,-1,None,Gigantamax
butterfree-gmax,10198,butterfree,Butterfree Gmax,Gmax,0,0,0,-1,None,Gigantamax
pikachu-gmax,10199,pikachu,Pikachu Gmax,Gmax,0,0,0,-1,None,Gigantamax
meowth-gmax,10200,meowth,Meowth Gmax,Gmax,0,0,0,-1,None,Gigantamax
machamp-gmax,10201,machamp,Machamp Gmax,Gmax,0,0,0,-1,None,Gigantamax
gengar-gmax,10202,gengar,Gengar Gmax,Gmax,0,0,0,-1,None,Gigantamax
kingler-gmax,10203,kingler,Kingler Gmax,Gmax,0,0,0,-1,None,Gigantamax
lapras-gmax,10204,lapras,Lapras Gmax,Gmax,0,0,0,-1,None,Gigantamax
eevee-gmax,10205,eevee,Eevee Gmax,Gmax,0,0,0,-1,None,Gigantamax
snorlax-gmax,10206,snorlax,Snorlax Gmax,Gmax,0,0,0,-1,None,Gigantamax
garbodor-gmax,10207,garbodor,Garbodor Gmax,Gmax,0,0,0,-1,None,Gigantamax
melmetal-gmax,10208,melmetal,Melmetal Gmax,Gmax,0,0,0,-1,None,Gigantamax
rillaboom-gmax,10209,rillaboom,Rillaboom Gmax,Gmax,0,0,0,-1,None,Gigantamax
cinderace-gmax,10210,cinderace,Cinderace Gmax,Gmax,0,0,0,-1,None,Gigantamax
inteleon-gmax,10211,inteleon,Inteleon Gmax,Gmax,0,0,0,-1,None,Gigantamax
corviknight-gmax,10212,corviknight,Corviknight Gmax,Gmax,0,0,0,-1,None,Gigantamax
orbeetle-gmax,10213,orbeetle,Orbeetle Gmax,Gmax,0,0,0,-1,None,Gigantamax
drednaw-gmax,10214,drednaw,Drednaw Gmax,Gmax,0,0,0,-1,None,Gigantamax
coalossal-gmax,10215,coalossal,Coalossal Gmax,Gmax,0,0,0,-1,None,Gigantamax
flapple-gmax,10216,flapple,Flapple Gmax,Gmax,0,0,0,-1,None,Gigantamax
appletun-gmax,10217,appletun,Appletun Gmax,Gmax,0,0,0,-1,None,Gigantamax
sandaconda-gmax,10218,sandaconda,Sandaconda Gmax,Gmax,0,0,0,-1,None,Gigantamax
toxtricity-amped-gmax,10219,toxtricity,Toxtricity Amped Gmax,Amped Gmax,0,0,0,-1,None,Gigantamax
centiskorch-gmax,10220,centiskorch,Centiskorch Gmax,Gmax,0,0,0,-1,None,Gigantamax
hatterene-gmax,10221,hatterene,Hatterene Gmax,Gmax,0,0,0,-1,None,Gigantamax
grimmsnarl-gmax,10222,grimmsnarl,Grimmsnarl Gmax,Gmax,0,0,0,-1,None,Gigantamax
alcremie-gmax,10223,alcremie,Alcremie Gmax,Gmax,0,0,0,-1,None,Gigantamax
copperajah-gmax,10224,copperajah,Copperajah Gmax,Gmax,0,0,0,-1,None,Gigantamax
duraludon-gmax,10225,duraludon,Duraludon Gmax,Gmax,0,0,0,-1,None,Gigantamax
urshifu-single-strike-gmax,10226,urshifu,Urshifu Single Strike Gmax,Single Strike Gmax,0,0,0,-1,None,Gigantamax
urshifu-rapid-strike-gmax,10227,urshifu,Urshifu Rapid Strike Gmax,Rapid Strike Gmax,0,0,0,-1,None,Gigantamax
toxtricity-low-key-gmax,10228,toxtricity,Toxtricity Low Key Gmax,Low Key Gmax,0,0,0,-1,None,Gigantamax
growlithe-hisui,10229,growlithe,Growlithe Hisui,Hisui,0,0,0,-1,Hisui,Standard
arcanine-hisui,10230,arcanine,Arcanine Hisui,Hisui,0,0,0,-1,Hisui,Standard
voltorb-hisui,10231,voltorb,Voltorb Hisui,Hisui,0,0,0,-1,Hisui,Standard
electrode-hisui,10232,electrode,Electrode Hisui,Hisui,0,0,0,-1,Hisui,Standard
typhlosion-hisui,10233,typhlosion,Typhlosion Hisui,Hisui,0,0,0,-1,Hisui,Standard
qwilfish-hisui,10234,qwilfish,Qwilfish Hisui,Hisui,0,0,0,-1,Hisui,Standard
sneasel-hisui,10235,sneasel,Sneasel Hisui,Hisui,0,0,0,-1,Hisui,Standard
samurott-hisui,10236,samurott,Samurott Hisui,Hisui,0,0,0,-1,Hisui,Standard
lilligant-hisui,10237,lilligant,Lilligant Hisui,Hisui,0,0,0,-1,Hisui,Standard
zorua-hisui,10238,zorua,Zorua Hisui,Hisui,0,0,0,-1,Hisui,Standard
zoroark-hisui,10239,zoroark,Zoroark Hisui,Hisui,0,0,0,-1,Hisui,Standard
braviary-hisui,10240,braviary,Braviary Hisui,Hisui,0,0,0,-1,Hisui,Standard
sliggoo-hisui,10241,sliggoo,Sliggoo Hisui,Hisui,0,0,0,-1,Hisui,Standard
goodra-hisui,10242,goodra,Goodra Hisui,Hisui,0,0,0,-1,Hisui,Standard
avalugg-hisui,10243,avalugg,Avalugg Hisui,Hisui,0,0,0,-1,Hisui,Standard
decidueye-hisui,10244,decidueye,Decidueye Hisui,Hisui,0,0,0,-1,Hisui,Standard
dialga-origin,10245,dialga,Dialga Origin,Origin,0,0,0,-1,None,Origin
palkia-origin,10246,palkia,Palkia Origin,Origin,0,0,0,-1,None,Origin
basculin-white-striped,10247,basculin,Basculin White Striped,White Striped,0,0,0,-1,None,Standard
basculegion-female,10248,basculegion,Basculegion femaleemale,Female,0,0,0,-1,None,Standard
enamorus-therian,10249,enamorus,Enamorus Therian,Therian,0,0,0,-1,None,Therian
tauros-paldea-combat-breed,10250,tauros,Tauros Paldea Combat Breed,Paldea Combat Breed,0,0,0,-1,Paldea,Standard
tauros-paldea-blaze-breed,10251,tauros,Tauros Paldea Blaze Breed,Paldea Blaze Breed,0,0,0,-1,Paldea,Standard
tauros-paldea-aqua-breed,10252,tauros,Tauros Paldea Aqua Breed,Paldea Aqua Breed,0,0,0,-1,Paldea,Standard
wooper-paldea,10253,wooper,Wooper Paldea,Paldea,0,0,0,-1,Paldea,Standard
oinkologne-female,10254,oinkologne,Oinkologne femaleemale,Female,0,0,0,-1,None,Standard
dudunsparce-three-segment,10255,dudunsparce,Dudunsparce Three Segment,Three Segment,0,0,0,-1,None,Standard
palafin-hero,10256,palafin,Palafin Hero,Hero,0,0,0,-1,None,Standard
maushold-family-of-three,10257,maushold,Maushold femaleamily Of Three,Family Of Three,0,0,0,-1,None,Standard
tatsugiri-droopy,10258,tatsugiri,Tatsugiri Droopy,Droopy,0,0,0,-1,None,Standard
tatsugiri-stretchy,10259,tatsugiri,Tatsugiri Stretchy,Stretchy,0,0,0,-1,None,Standard
squawkabilly-blue-plumage,10260,squawkabilly,Squawkabilly Blue Plumage,Blue Plumage,0,0,0,-1,None,Standard
squawkabilly-yellow-plumage,10261,squawkabilly,Squawkabilly Yellow Plumage,Yellow Plumage,0,0,0,-1,None,Standard
squawkabilly-white-plumage,10262,squawkabilly,Squawkabilly White Plumage,White Plumage,0,0,0,-1,None,Standard
gimmighoul-roaming,10263,gimmighoul,Gimmighoul Roaming,Roaming,0,0,0,-1,None,Standard
koraidon-limited-build,10264,koraidon,Koraidon Limited Build,Limited Build,0,0,0,-1,None,Standard
koraidon-sprinting-build,10265,koraidon,Koraidon Sprinting Build,Sprinting Build,0,0,0,-1,None,Standard
koraidon-swimming-build,10266,koraidon,Koraidon Swimming Build,Swimming Build,0,0,0,-1,None,Standard
koraidon-gliding-build,10267,koraidon,Koraidon Gliding Build,Gliding Build,0,0,0,-1,None,Standard
miraidon-low-power-mode,10268,miraidon,Miraidon Low Power maleode,Low Power maleode,0,0,0,-1,None,Standard
miraidon-drive-mode,10269,miraidon,Miraidon Drive maleode,Drive maleode,0,0,0,-1,None,Standard
miraidon-aquatic-mode,10270,miraidon,Miraidon Aquatic maleode,Aquatic maleode,0,0,0,-1,None,Standard
miraidon-glide-mode,10271,miraidon,Miraidon Glide maleode,Glide maleode,0,0,0,-1,None,Standard
ursaluna-bloodmoon,10272,ursaluna,Ursaluna Bloodmoon,Bloodmoon,0,0,0,-1,None,Bloodmoon
ogerpon-wellspring-mask,10273,ogerpon,Ogerpon Wellspring maleask,Wellspring maleask,0,0,0,-1,None,Wellspring
ogerpon-hearthflame-mask,10274,ogerpon,Ogerpon Hearthflame maleask,Hearthflame maleask,0,0,0,-1,None,Hearthflame
ogerpon-cornerstone-mask,10275,ogerpon,Ogerpon Cornerstone maleask,Cornerstone maleask,0,0,0,-1,None,Cornerstone
terapagos-terastal,10276,terapagos,Terapagos Terastal,Terastal,0,0,0,-1,None,Standard
terapagos-stellar,10277,terapagos,Terapagos Stellar,Stellar,0,0,0,-1,None,Standard
clefable-mega,10278,clefable,Clefable maleega,Mega,0,1,0,-1,None,Mega
victreebel-mega,10279,victreebel,Victreebel maleega,Mega,0,1,0,-1,None,Mega
starmie-mega,10280,starmie,Starmie maleega,Mega,0,1,0,-1,None,Mega
dragonite-mega,10281,dragonite,Dragonite maleega,Mega,0,1,0,-1,None,Mega
meganium-mega,10282,meganium,Meganium maleega,Mega,0,1,0,-1,None,Mega
feraligatr-mega,10283,feraligatr,Feraligatr maleega,Mega,0,1,0,-1,None,Mega
skarmory-mega,10284,skarmory,Skarmory maleega,Mega,0,1,0,-1,None,Mega
froslass-mega,10285,froslass,Froslass maleega,Mega,0,1,0,-1,None,Mega
emboar-mega,10286,emboar,Emboar maleega,Mega,0,1,0,-1,None,Mega
excadrill-mega,10287,excadrill,Excadrill maleega,Mega,0,1,0,-1,None,Mega
scolipede-mega,10288,scolipede,Scolipede maleega,Mega,0,1,0,-1,None,Mega
scrafty-mega,10289,scrafty,Scrafty maleega,Mega,0,1,0,-1,None,Mega
eelektross-mega,10290,eelektross,Eelektross maleega,Mega,0,1,0,-1,None,Mega
chandelure-mega,10291,chandelure,Chandelure maleega,Mega,0,1,0,-1,None,Mega
chesnaught-mega,10292,chesnaught,Chesnaught maleega,Mega,0,1,0,-1,None,Mega
delphox-mega,10293,delphox,Delphox maleega,Mega,0,1,0,-1,None,Mega
greninja-mega,10294,greninja,Greninja maleega,Mega,0,1,0,-1,None,Mega
pyroar-mega,10295,pyroar,Pyroar maleega,Mega,0,1,0,-1,None,Mega
floette-mega,10296,floette,Floette maleega,Mega,0,1,0,-1,None,Mega
malamar-mega,10297,malamar,Malamar maleega,Mega,0,1,0,-1,None,Mega
barbaracle-mega,10298,barbaracle,Barbaracle maleega,Mega,0,1,0,-1,None,Mega
dragalge-mega,10299,dragalge,Dragalge maleega,Mega,0,1,0,-1,None,Mega
hawlucha-mega,10300,hawlucha,Hawlucha maleega,Mega,0,1,0,-1,None,Mega
zygarde-mega,10301,zygarde,Zygarde maleega,Mega,0,1,0,-1,None,Mega
drampa-mega,10302,drampa,Drampa maleega,Mega,0,1,0,-1,None,Mega
falinks-mega,10303,falinks,Falinks maleega,Mega,0,1,0,-1,None,Mega
raichu-mega-x,10304,raichu,Raichu maleega X,Mega X,0,1,0,-1,None,Mega
raichu-mega-y,10305,raichu,Raichu maleega Y,Mega Y,0,1,0,-1,None,Mega
chimecho-mega,10306,chimecho,Chimecho maleega,Mega,0,1,0,-1,None,Mega
absol-mega-z,10307,absol,Absol maleega Z,Mega Z,0,1,0,-1,None,Mega
staraptor-mega,10308,staraptor,Staraptor maleega,Mega,0,1,0,-1,None,Mega
garchomp-mega-z,10309,garchomp,Garchomp maleega Z,Mega Z,0,1,0,-1,None,Mega
lucario-mega-z,10310,lucario,Lucario maleega Z,Mega Z,0,1,0,-1,None,Mega
heatran-mega,10311,heatran,Heatran maleega,Mega,0,1,0,-1,None,Mega
darkrai-mega,10312,darkrai,Darkrai maleega,Mega,0,1,0,-1,None,Mega
golurk-mega,10313,golurk,Golurk maleega,Mega,0,1,0,-1,None,Mega
meowstic-mega,10314,meowstic,Meowstic maleega,Mega,0,1,0,-1,None,Mega
crabominable-mega,10315,crabominable,Crabominable maleega,Mega,0,1,0,-1,None,Mega
golisopod-mega,10316,golisopod,Golisopod maleega,Mega,0,1,0,-1,None,Mega
magearna-mega,10317,magearna,Magearna maleega,Mega,0,1,0,-1,None,Mega
magearna-original-mega,10318,magearna,Magearna Original maleega,Original maleega,0,1,0,-1,None,Mega
zeraora-mega,10319,zeraora,Zeraora maleega,Mega,0,1,0,-1,None,Mega
scovillain-mega,10320,scovillain,Scovillain maleega,Mega,0,1,0,-1,None,Mega
glimmora-mega,10321,glimmora,Glimmora maleega,Mega,0,1,0,-1,None,Mega
tatsugiri-curly-mega,10322,tatsugiri,Tatsugiri Curly maleega,Curly maleega,0,1,0,-1,None,Mega
tatsugiri-droopy-mega,10323,tatsugiri,Tatsugiri Droopy maleega,Droopy maleega,0,1,0,-1,None,Mega
tatsugiri-stretchy-mega,10324,tatsugiri,Tatsugiri Stretchy maleega,Stretchy maleega,0,1,0,-1,None,Mega
baxcalibur-mega,10325,baxcalibur,Baxcalibur maleega,Mega,0,1,0,-1,None,Mega
